spec_id,brand,model,body_type,drivetrain,power_hp,primary_fuel,fuel_l_per_100km,energy_kwh_per_100km,annual_tax_sek,reliability,is_default
1,Volvo,V60,Kombi,FWD,150,Diesel,4.5,,2400,4,1
2,Volvo,V60,Kombi,FWD,190,Bensin,6.8,,1800,4,0
3,Volvo,V60,Kombi,AWD,340,Laddhybrid,2.5,12.0,900,3,0
4,Volvo,XC60,SUV,AWD,190,Diesel,5.6,,4800,3,1
5,Volvo,XC60,SUV,AWD,250,Bensin,8.0,,3000,3,0
6,Volvo,XC60,SUV,AWD,350,Laddhybrid,2.8,14.0,1000,3,0
7,Volkswagen,Golf,Halvkombi,FWD,125,Bensin,5.2,,1500,3,1
8,Volkswagen,Golf,Halvkombi,FWD,115,Diesel,4.4,,2200,3,0
9,Volkswagen,Golf,Halvkombi,FWD,136,El,,15.0,360,3,0
10,Volkswagen,Golf,Halvkombi,FWD,204,Laddhybrid,2.5,11.0,800,3,0
11,Volkswagen,Passat,Kombi,FWD,150,Diesel,4.6,,3200,3,1
12,Volkswagen,Passat,Kombi,FWD,150,Bensin,6.3,,1600,3,0
13,Volkswagen,Passat,Kombi,FWD,218,Laddhybrid,2.5,12.0,900,3,0
14,Audi,A4,Kombi,FWD,190,Bensin,6.4,,1700,3,1
15,Audi,A4,Kombi,FWD,150,Diesel,5.0,,2600,3,0
16,BMW,3-serie,Sedan,RWD,184,Diesel,4.5,,3000,3,1
17,BMW,3-serie,Sedan,RWD,184,Bensin,6.5,,1600,3,0
18,BMW,3-serie,Sedan,RWD,292,Laddhybrid,2.3,13.0,900,3,0
19,Toyota,Corolla,Halvkombi,FWD,122,Hybrid,4.4,,700,5,1
20,Kia,Ceed,Halvkombi,FWD,120,Bensin,5.8,,1500,4,1
21,Kia,Ceed,Halvkombi,FWD,136,Diesel,4.8,,2000,4,0
22,Kia,Ceed,Kombi,FWD,141,Laddhybrid,2.5,11.0,800,4,0
23,Skoda,Octavia,Kombi,FWD,150,Bensin,5.4,,1600,3,1
24,Skoda,Octavia,Kombi,FWD,150,Diesel,4.6,,2300,3,0
25,Skoda,Octavia,Kombi,FWD,204,Laddhybrid,2.3,12.0,800,3,0
26,Tesla,Model 3,Sedan,RWD,283,El,,15.0,360,4,1
27,Volvo,V70,Kombi,FWD,163,Diesel,5.6,,2600,4,1
28,Volvo,V70,Kombi,FWD,180,Bensin,8.0,,1900,4,0
29,Volvo,XC70,Kombi,AWD,181,Diesel,6.2,,3400,4,1
30,Volvo,V90,Kombi,FWD,190,Diesel,5.0,,2900,3,1
31,Volvo,V90,Kombi,AWD,390,Laddhybrid,2.8,15.0,1000,3,0
32,Volvo,XC90,SUV,AWD,235,Diesel,6.5,,5500,3,1
33,Volvo,XC90,SUV,AWD,390,Laddhybrid,3.0,16.0,1200,3,0
34,Volvo,XC40,SUV,FWD,163,Bensin,7.2,,2000,4,1
35,Volvo,XC40,SUV,FWD,262,Laddhybrid,2.5,13.0,900,4,0
36,Volvo,XC40,SUV,AWD,408,El,,21.0,360,3,0
37,Volvo,V40,Halvkombi,FWD,120,Diesel,4.2,,1300,4,1
38,Volvo,V40,Halvkombi,FWD,152,Bensin,6.0,,1300,4,0
39,Volvo,S60,Sedan,FWD,190,Diesel,4.8,,2400,4,1
40,Volkswagen,Polo,Halvkombi,FWD,95,Bensin,5.3,,1100,3,1
41,Volkswagen,Tiguan,SUV,AWD,150,Diesel,6.0,,3500,3,1
42,Volkswagen,Tiguan,SUV,FWD,150,Bensin,7.2,,1900,3,0
43,Volkswagen,Tiguan,SUV,FWD,245,Laddhybrid,2.5,14.0,900,3,0
44,Volkswagen,ID.3,Halvkombi,RWD,204,El,,16.0,360,3,1
45,Volkswagen,ID.4,SUV,RWD,204,El,,18.5,360,3,1
46,Volkswagen,Touran,Familjebuss,FWD,115,Diesel,5.0,,2300,3,1
47,Audi,A3,Halvkombi,FWD,150,Bensin,5.8,,1300,3,1
48,Audi,A3,Halvkombi,FWD,150,Diesel,4.5,,2200,3,0
49,Audi,A6,Kombi,FWD,190,Diesel,5.5,,3200,3,1
50,Audi,Q5,SUV,AWD,190,Diesel,6.3,,3900,3,1
51,Audi,Q5,SUV,AWD,367,Laddhybrid,2.8,15.0,1100,3,0
52,Audi,Q3,SUV,FWD,150,Bensin,7.0,,1900,3,1
53,Audi,e-tron,SUV,AWD,408,El,,23.0,360,3,1
54,BMW,5-serie,Sedan,RWD,190,Diesel,5.0,,3000,3,1
55,BMW,5-serie,Sedan,RWD,252,Laddhybrid,2.3,15.0,1000,3,0
56,BMW,X1,SUV,FWD,150,Diesel,5.0,,2600,3,1
57,BMW,X3,SUV,AWD,190,Diesel,5.8,,3600,3,1
58,BMW,i3,Halvkombi,RWD,170,El,,15.0,360,4,1
59,Mercedes-Benz,C-Klass,Sedan,RWD,170,Diesel,5.0,,2900,3,1
60,Mercedes-Benz,C-Klass,Sedan,RWD,184,Bensin,6.8,,1800,3,0
61,Mercedes-Benz,C-Klass,Sedan,RWD,320,Laddhybrid,2.2,14.0,1000,3,0
62,Mercedes-Benz,E-Klass,Sedan,RWD,194,Diesel,5.3,,3100,3,1
63,Mercedes-Benz,A-Klass,Halvkombi,FWD,136,Bensin,6.0,,1400,3,1
64,Mercedes-Benz,GLC,SUV,AWD,194,Diesel,6.2,,3900,3,1
65,Toyota,Auris,Halvkombi,FWD,136,Hybrid,4.4,,700,5,1
66,Toyota,Auris,Halvkombi,FWD,116,Bensin,6.0,,1200,5,0
67,Toyota,RAV4,SUV,AWD,218,Hybrid,5.6,,1600,5,1
68,Toyota,RAV4,SUV,AWD,306,Laddhybrid,1.5,16.0,900,5,0
69,Toyota,Yaris,Halvkombi,FWD,116,Hybrid,4.0,,600,5,1
70,Toyota,C-HR,SUV,FWD,122,Hybrid,4.9,,900,5,1
71,Toyota,Prius,Halvkombi,FWD,122,Hybrid,4.2,,500,5,1
72,Kia,Niro,SUV,FWD,141,Hybrid,4.8,,800,4,1
73,Kia,Niro,SUV,FWD,141,Laddhybrid,2.5,12.0,700,4,0
74,Kia,Niro,SUV,FWD,204,El,,16.5,360,4,0
75,Kia,Sportage,SUV,FWD,136,Diesel,6.0,,2800,4,1
76,Kia,Sportage,SUV,AWD,177,Bensin,8.0,,2200,4,0
77,Kia,Optima,Kombi,FWD,205,Laddhybrid,2.5,12.0,800,4,1
78,Hyundai,i30,Halvkombi,FWD,140,Bensin,6.0,,1400,4,1
79,Hyundai,i30,Kombi,FWD,136,Diesel,4.6,,2100,4,0
80,Hyundai,Tucson,SUV,FWD,141,Diesel,6.2,,2900,4,1
81,Hyundai,Tucson,SUV,AWD,265,Laddhybrid,2.5,15.0,900,4,0
82,Hyundai,Kona,SUV,FWD,204,El,,16.0,360,4,1
83,Hyundai,Kona,SUV,FWD,120,Bensin,6.2,,1500,4,0
84,Hyundai,Ioniq,Halvkombi,FWD,141,Hybrid,4.0,,500,4,1
85,Hyundai,Ioniq,Halvkombi,FWD,136,El,,13.5,360,4,0
86,Skoda,Superb,Kombi,FWD,150,Diesel,5.2,,2800,3,1
87,Skoda,Superb,Kombi,FWD,218,Laddhybrid,2.4,13.0,900,3,0
88,Skoda,Fabia,Halvkombi,FWD,95,Bensin,5.2,,1000,3,1
89,Skoda,Kodiaq,SUV,AWD,190,Diesel,6.5,,3800,3,1
90,Seat,Leon,Halvkombi,FWD,150,Bensin,5.8,,1300,3,1
91,Tesla,Model Y,SUV,AWD,350,El,,17.0,360,3,1
92,Tesla,Model S,Sedan,AWD,420,El,,20.0,360,3,1
93,Polestar,2,Halvkombi,AWD,408,El,,19.0,360,3,1
94,Ford,Focus,Halvkombi,FWD,125,Bensin,6.0,,1300,3,1
95,Ford,Focus,Kombi,FWD,120,Diesel,4.7,,2100,3,0
96,Ford,Kuga,SUV,FWD,150,Diesel,6.0,,3000,3,1
97,Ford,Kuga,SUV,FWD,225,Laddhybrid,2.0,15.0,900,3,0
98,Ford,Mondeo,Kombi,FWD,150,Diesel,5.3,,2700,3,1
99,Ford,Fiesta,Halvkombi,FWD,100,Bensin,5.5,,1100,3,1
100,Peugeot,308,Halvkombi,FWD,130,Bensin,5.8,,1200,2,1
101,Peugeot,308,Kombi,FWD,120,Diesel,4.3,,1900,3,0
102,Peugeot,3008,SUV,FWD,130,Bensin,6.5,,1500,3,1
103,Peugeot,3008,SUV,FWD,130,Diesel,5.0,,2300,3,0
104,Peugeot,208,Halvkombi,FWD,100,Bensin,5.5,,1100,3,1
105,Peugeot,208,Halvkombi,FWD,136,El,,16.0,360,3,0
106,Renault,Clio,Halvkombi,FWD,90,Bensin,5.5,,1100,3,1
107,Renault,Megane,Kombi,FWD,110,Diesel,4.3,,1800,3,1
108,Renault,Megane,Halvkombi,FWD,130,Bensin,6.2,,1400,3,0
109,Renault,Zoe,Halvkombi,FWD,135,El,,16.0,360,3,1
110,Renault,Captur,SUV,FWD,130,Bensin,6.2,,1300,3,1
111,Nissan,Qashqai,SUV,FWD,140,Bensin,6.5,,1600,3,1
112,Nissan,Qashqai,SUV,FWD,115,Diesel,5.0,,2200,3,0
113,Nissan,Leaf,Halvkombi,FWD,150,El,,17.0,360,3,1
114,Opel,Astra,Halvkombi,FWD,125,Bensin,6.2,,1400,3,1
115,Opel,Astra,Kombi,FWD,136,Diesel,4.6,,2000,3,0
116,Dacia,Duster,SUV,FWD,130,Bensin,6.8,,1700,3,1
117,Mazda,3,Halvkombi,FWD,120,Bensin,6.2,,1500,5,1
118,Mazda,6,Kombi,FWD,150,Diesel,5.2,,2600,4,1
119,Mazda,6,Kombi,FWD,165,Bensin,6.8,,1800,4,0
120,Mazda,CX-5,SUV,FWD,165,Bensin,7.2,,2000,4,1
121,Mazda,CX-5,SUV,AWD,150,Diesel,5.8,,3100,4,0
122,Honda,CR-V,SUV,AWD,184,Hybrid,5.8,,1600,4,1
123,Honda,CR-V,SUV,AWD,173,Bensin,7.5,,2200,4,0
124,Honda,Civic,Halvkombi,FWD,129,Bensin,6.0,,1400,4,1
125,Subaru,Outback,Kombi,AWD,175,Bensin,8.2,,2300,4,1
126,Mitsubishi,Outlander,SUV,AWD,200,Laddhybrid,2.5,15.0,900,3,1
