date_id,date,year,quarter,month,month_name,iso_week,weekday,weekday_name,is_weekend
20260812,2026-08-12,2026,3,8,augusti,33,3,onsdag,0
20260813,2026-08-13,2026,3,8,augusti,33,4,torsdag,0
20260814,2026-08-14,2026,3,8,augusti,33,5,fredag,0
20260815,2026-08-15,2026,3,8,augusti,33,6,lördag,1
20260816,2026-08-16,2026,3,8,augusti,33,7,söndag,1
20260817,2026-08-17,2026,3,8,augusti,34,1,måndag,0
20260818,2026-08-18,2026,3,8,augusti,34,2,tisdag,0
20260819,2026-08-19,2026,3,8,augusti,34,3,onsdag,0
20260820,2026-08-20,2026,3,8,augusti,34,4,torsdag,0
20260821,2026-08-21,2026,3,8,augusti,34,5,fredag,0
20260822,2026-08-22,2026,3,8,augusti,34,6,lördag,1
20260823,2026-08-23,2026,3,8,augusti,34,7,söndag,1
20260824,2026-08-24,2026,3,8,augusti,35,1,måndag,0
20260825,2026-08-25,2026,3,8,augusti,35,2,tisdag,0
20260826,2026-08-26,2026,3,8,augusti,35,3,onsdag,0
20260827,2026-08-27,2026,3,8,augusti,35,4,torsdag,0
20260828,2026-08-28,2026,3,8,augusti,35,5,fredag,0
20260829,2026-08-29,2026,3,8,augusti,35,6,lördag,1
20260830,2026-08-30,2026,3,8,augusti,35,7,söndag,1
20260831,2026-08-31,2026,3,8,augusti,36,1,måndag,0
20260901,2026-09-01,2026,3,9,september,36,2,tisdag,0
20260902,2026-09-02,2026,3,9,september,36,3,onsdag,0
20260903,2026-09-03,2026,3,9,september,36,4,torsdag,0
20260904,2026-09-04,2026,3,9,september,36,5,fredag,0
20260905,2026-09-05,2026,3,9,september,36,6,lördag,1
20260906,2026-09-06,2026,3,9,september,36,7,söndag,1
20260907,2026-09-07,2026,3,9,september,37,1,måndag,0
20260908,2026-09-08,2026,3,9,september,37,2,tisdag,0
20260909,2026-09-09,2026,3,9,september,37,3,onsdag,0
20260910,2026-09-10,2026,3,9,september,37,4,torsdag,0
20260911,2026-09-11,2026,3,9,september,37,5,fredag,0
20260912,2026-09-12,2026,3,9,september,37,6,lördag,1
20260913,2026-09-13,2026,3,9,september,37,7,söndag,1
20260914,2026-09-14,2026,3,9,september,38,1,måndag,0
20260915,2026-09-15,2026,3,9,september,38,2,tisdag,0
20260916,2026-09-16,2026,3,9,september,38,3,onsdag,0
20260917,2026-09-17,2026,3,9,september,38,4,torsdag,0
20260918,2026-09-18,2026,3,9,september,38,5,fredag,0
20260919,2026-09-19,2026,3,9,september,38,6,lördag,1
20260920,2026-09-20,2026,3,9,september,38,7,söndag,1
20260921,2026-09-21,2026,3,9,september,39,1,måndag,0
20260922,2026-09-22,2026,3,9,september,39,2,tisdag,0
20260923,2026-09-23,2026,3,9,september,39,3,onsdag,0
20260924,2026-09-24,2026,3,9,september,39,4,torsdag,0
20260925,2026-09-25,2026,3,9,september,39,5,fredag,0
20260926,2026-09-26,2026,3,9,september,39,6,lördag,1
