car_id,brand,model,model_year,fuel_type,gearbox
1,Volvo,XC60,2013,unknown,Automat
2,Volvo,V60,2014,unknown,Manuell
3,Skoda,Octavia,2019,unknown,Automat
4,Volkswagen,Passat,2018,unknown,Automat
5,Kia,Ceed,2021,unknown,Manuell
6,Volvo,XC60,2013,unknown,Manuell
7,Audi,A4,2020,unknown,Manuell
8,Volkswagen,Golf,2021,unknown,Automat
9,Volkswagen,Passat,2013,unknown,Automat
10,Kia,Ceed,2015,unknown,Automat
11,Tesla,Model 3,2019,unknown,Manuell
12,Volvo,XC60,2015,unknown,Manuell
13,Toyota,Corolla,2022,unknown,Manuell
14,Skoda,Octavia,2017,unknown,Manuell
15,Volvo,V60,2017,unknown,Manuell
16,BMW,3-serie,2015,unknown,Automat
17,Kia,Ceed,2014,unknown,Automat
18,Volkswagen,Golf,2017,unknown,Automat
19,BMW,3-serie,2020,unknown,Manuell
20,Volvo,V60,2022,unknown,Manuell
21,BMW,3-serie,2014,unknown,Manuell
22,Tesla,Model 3,2022,unknown,Automat
23,Toyota,Corolla,2019,unknown,Automat
24,Volkswagen,Golf,2019,unknown,Automat
25,Toyota,Corolla,2021,unknown,Manuell
26,Tesla,Model 3,2021,unknown,Manuell
27,Tesla,Model 3,2019,unknown,Automat
28,Audi,A4,2019,unknown,Manuell
29,Kia,Ceed,2022,unknown,Automat
30,Skoda,Octavia,2013,unknown,Manuell
31,Skoda,Octavia,2015,unknown,Automat
32,Kia,Ceed,2017,unknown,Manuell
33,Volkswagen,Golf,2017,unknown,Manuell
34,Volkswagen,Passat,2016,unknown,Manuell
35,Volkswagen,Golf,2015,unknown,Manuell
36,Volkswagen,Golf,2014,unknown,Automat
37,Volkswagen,Passat,2016,unknown,Automat
38,Skoda,Octavia,2018,unknown,Automat
39,Volvo,XC60,2022,unknown,Automat
40,Volkswagen,Passat,2017,unknown,Manuell
41,Kia,Ceed,2020,unknown,Manuell
42,Skoda,Octavia,2022,unknown,Manuell
43,Volvo,V60,2016,unknown,Automat
44,Skoda,Octavia,2020,unknown,Manuell
45,Skoda,Octavia,2021,unknown,Automat
46,Kia,Ceed,2020,unknown,Automat
47,Volkswagen,Passat,2019,unknown,Automat
48,Skoda,Octavia,2020,unknown,Automat
49,Volvo,V60,2018,unknown,Manuell
50,Volkswagen,Passat,2017,unknown,Automat
51,Tesla,Model 3,2021,unknown,Automat
52,Volvo,XC60,2020,unknown,Manuell
53,Volvo,V60,2013,unknown,Manuell
54,Audi,A4,2018,unknown,Automat
55,Audi,A4,2022,unknown,Automat
56,BMW,3-serie,2014,unknown,Automat
57,Toyota,Corolla,2022,unknown,Automat
58,Volvo,V60,2020,unknown,Automat
59,Skoda,Octavia,2016,unknown,Manuell
60,Audi,A4,2016,unknown,Automat
61,Skoda,Octavia,2018,unknown,Manuell
62,Volkswagen,Golf,2013,unknown,Manuell
63,Audi,A4,2014,unknown,Automat
64,Volvo,XC60,2015,unknown,Automat
65,Tesla,Model 3,2020,unknown,Manuell
66,Volvo,V60,2015,unknown,Automat
67,Volvo,V60,2019,unknown,Automat
68,Skoda,Octavia,2015,unknown,Manuell
69,Volkswagen,Golf,2020,unknown,Automat
70,Volkswagen,Passat,2020,unknown,Automat
71,BMW,3-serie,2021,unknown,Automat
72,Kia,Ceed,2018,unknown,Manuell
73,Volkswagen,Golf,2020,unknown,Manuell
74,Kia,Ceed,2013,unknown,Automat
75,BMW,3-serie,2022,unknown,Automat
76,Volvo,XC60,2014,unknown,Automat
77,Volkswagen,Golf,2016,unknown,Manuell
78,BMW,3-serie,2016,unknown,Manuell
79,Volkswagen,Golf,2021,unknown,Manuell
80,Kia,Ceed,2017,unknown,Automat
81,Toyota,Corolla,2019,unknown,Manuell
82,Volvo,V60,2017,unknown,Automat
83,Skoda,Octavia,2019,unknown,Manuell
84,Kia,Ceed,2016,unknown,Manuell
85,Volvo,XC60,2018,unknown,Manuell
86,Audi,A4,2013,unknown,Automat
87,Toyota,Corolla,2020,unknown,Manuell
88,Volkswagen,Golf,2015,unknown,Automat
89,Volkswagen,Passat,2021,unknown,Manuell
90,Volvo,V60,2018,unknown,Automat
91,BMW,3-serie,2015,unknown,Manuell
92,Kia,Ceed,2014,unknown,Manuell
93,Skoda,Octavia,2014,unknown,Manuell
94,BMW,3-serie,2017,unknown,Automat
95,Volkswagen,Golf,2018,unknown,Automat
96,BMW,3-serie,2013,unknown,Manuell
97,Volkswagen,Golf,2014,unknown,Manuell
98,BMW,3-serie,2022,unknown,Manuell
99,Kia,Ceed,2016,unknown,Automat
100,Volkswagen,Passat,2022,unknown,Manuell
101,Kia,Ceed,2018,unknown,Automat
102,Audi,A4,2014,unknown,Manuell
103,Volvo,XC60,2021,unknown,Manuell
104,Kia,Ceed,2013,unknown,Manuell
105,Kia,Ceed,2015,unknown,Manuell
106,Kia,Ceed,2019,unknown,Automat
107,Audi,A4,2017,unknown,Automat
108,BMW,3-serie,2018,unknown,Manuell
109,Skoda,Octavia,2016,unknown,Automat
110,Kia,Ceed,2021,unknown,Automat
111,BMW,3-serie,2016,unknown,Automat
112,Audi,A4,2022,unknown,Manuell
113,Volkswagen,Passat,2022,unknown,Automat
114,Audi,A4,2020,unknown,Automat
