listing_id,date_id,price_sek
1,20260926,89000
2,20260926,83000
3,20260926,102000
4,20260926,96000
5,20260926,97000
6,20260926,98000
7,20260926,183000
8,20260926,123000
9,20260926,48000
10,20260926,43000
11,20260926,167000
12,20260926,141000
13,20260926,180000
14,20260926,89000
15,20260926,94000
16,20260926,100000
17,20260926,76000
18,20260926,40000
19,20260926,85000
20,20260926,208000
21,20260926,234000
22,20260926,87000
23,20260926,337000
24,20260926,132000
25,20260926,85000
26,20260926,103000
27,20260926,88000
28,20260926,168000
29,20260926,226000
30,20260926,111000
31,20260926,191000
32,20260926,156000
33,20260926,102000
34,20260926,106000
35,20260926,48000
36,20260926,68000
37,20260926,51000
38,20260926,77000
39,20260926,122000
40,20260926,84000
41,20260926,56000
42,20260926,40000
43,20260926,76000
44,20260926,92000
45,20260926,324000
46,20260926,85000
47,20260926,120000
48,20260926,139000
49,20260926,116000
50,20260926,100000
51,20260926,188000
52,20260926,102000
53,20260926,157000
54,20260926,132000
55,20260926,177000
56,20260926,100000
57,20260926,99000
58,20260926,124000
59,20260926,134000
60,20260926,132000
61,20260926,93000
62,20260926,235000
63,20260926,39000
64,20260926,223000
65,20260926,54000
66,20260926,132000
67,20260926,176000
68,20260926,252000
69,20260926,93000
70,20260926,42000
71,20260926,172000
72,20260926,164000
73,20260926,227000
74,20260926,80000
75,20260926,108000
76,20260926,95000
77,20260926,105000
78,20260926,240000
79,20260926,68000
80,20260926,37000
81,20260926,33000
82,20260926,64000
83,20260926,51000
84,20260926,150000
85,20260926,220000
86,20260926,172000
87,20260926,95000
88,20260926,176000
89,20260926,149000
90,20260926,101000
91,20260926,30000
92,20260926,129000
93,20260926,133000
94,20260926,67000
95,20260926,173000
96,20260926,130000
97,20260926,162000
98,20260926,195000
99,20260926,71000
100,20260926,128000
101,20260926,120000
102,20260926,31000
103,20260926,277000
104,20260926,99000
105,20260926,119000
106,20260926,63000
107,20260926,165000
108,20260926,191000
109,20260926,183000
110,20260926,133000
111,20260926,225000
112,20260926,123000
113,20260926,106000
114,20260926,145000
115,20260926,56000
116,20260926,79000
117,20260926,123000
118,20260926,244000
119,20260926,114000
120,20260926,115000
121,20260926,176000
122,20260926,240000
123,20260926,235000
124,20260926,168000
125,20260926,94000
126,20260926,110000
127,20260926,69000
128,20260926,174000
129,20260926,56000
130,20260926,172000
131,20260926,253000
132,20260926,46000
133,20260926,133000
134,20260926,145000
135,20260926,150000
136,20260926,126000
137,20260926,189000
138,20260926,68000
139,20260926,56000
140,20260926,151000
141,20260926,53000
142,20260926,90000
143,20260926,62000
144,20260926,68000
145,20260926,182000
146,20260926,198000
147,20260926,128000
148,20260926,112000
149,20260926,91000
150,20260926,102000
151,20260926,337000
152,20260926,34000
153,20260926,55000
154,20260926,232000
155,20260926,246000
156,20260926,40000
157,20260926,123000
158,20260926,104000
159,20260926,80000
160,20260926,92000
161,20260926,73000
162,20260926,45000
163,20260926,240000
164,20260926,113000
165,20260926,57000
166,20260926,171000
167,20260926,57000
168,20260926,65000
169,20260926,142000
170,20260926,157000
171,20260926,126000
172,20260926,71000
173,20260926,190000
174,20260926,240000
175,20260926,29000
176,20260926,105000
177,20260926,43000
178,20260926,147000
179,20260926,103000
180,20260926,73000
181,20260926,155000
182,20260926,108000
183,20260926,31000
184,20260926,67000
185,20260926,95000
186,20260926,162000
187,20260926,129000
188,20260926,48000
189,20260926,148000
190,20260926,77000
191,20260926,224000
192,20260926,114000
193,20260926,247000
194,20260926,139000
195,20260926,127000
196,20260926,211000
197,20260926,300000
198,20260926,175000
199,20260926,176000
200,20260926,82000
