listing_id,source,ad_id,url,car_id,location_id,seller_id,spec_id,published_date_id,first_seen_date_id,last_seen_date_id,is_active,title,model_spec,regnr,color,body_type,drivetrain,power_hp,mileage_km,price_sek,first_price_sek,market_value_sek,value_low_sek,value_high_sek,discount_pct,deal_z,value_method,value_confidence,value_n,damage_flag,days_on_market,lat,lon,image_url,scope
1,sample,sample-00000,https://www.blocket.se/annons/sample-00000,1,1,1,4,20260921,20260926,20260926,1,Volvo XC60 2013 (exempeldata),,,Svart,,,,194204,89000,89000,99504,84861,116674,10.56,0.9,hedonic-model,high,16,0,5,,,,sample
2,sample,sample-00001,https://www.blocket.se/annons/sample-00001,2,2,2,1,20260822,20260926,20260926,1,Volvo V60 2014 (exempeldata),,,Röd,,,,165030,83000,83000,75205,66563,84970,-10.36,-1.04,hedonic-model,high,18,0,35,,,,sample
3,sample,sample-00002,https://www.blocket.se/annons/sample-00002,3,3,1,23,20260905,20260926,20260926,1,Skoda Octavia 2019 (exempeldata),,,Vit,,,,109926,102000,102000,112495,102962,122910,9.33,1.42,hedonic-model,high,19,0,21,,,,sample
4,sample,sample-00003,https://www.blocket.se/annons/sample-00003,4,4,2,11,20260904,20260926,20260926,1,Volkswagen Passat 2018 (exempeldata),,,Svart,,,,146221,96000,96000,99522,88726,111632,3.54,0.4,hedonic-model,high,17,0,22,,,,sample
5,sample,sample-00004,https://www.blocket.se/annons/sample-00004,5,4,2,20,20260821,20260926,20260926,1,Kia Ceed 2021 (exempeldata),,,Röd,,,,107002,97000,97000,95048,84988,106299,-2.05,-0.23,hedonic-model,high,27,0,36,,,,sample
6,sample,sample-00005,https://www.blocket.se/annons/sample-00005,6,5,2,4,20260912,20260926,20260926,1,Volvo XC60 2013 (exempeldata),,,Blå,,,,226932,98000,98000,82710,70539,96982,-18.49,-1.37,hedonic-model,high,16,0,14,,,,sample
7,sample,sample-00006,https://www.blocket.se/annons/sample-00006,7,6,2,14,20260813,20260926,20260926,1,Audi A4 2020 (exempeldata),,,Grå,,,,77460,183000,183000,179506,157895,204076,-1.95,-0.19,hedonic-model,high,16,0,44,,,,sample
8,sample,sample-00007,https://www.blocket.se/annons/sample-00007,8,1,2,7,20260912,20260926,20260926,1,Volkswagen Golf 2021 (exempeldata),,,Svart,,,,60652,123000,123000,148143,129759,169131,16.97,1.8,hedonic-model,high,18,0,14,,,,sample
9,sample,sample-00008,https://www.blocket.se/annons/sample-00008,9,4,1,11,20260913,20260926,20260926,1,Volkswagen Passat 2013 (exempeldata),,,Blå,,,,201866,48000,48000,44500,39672,49914,-7.87,-0.85,hedonic-model,high,17,0,13,,,,sample
10,sample,sample-00009,https://www.blocket.se/annons/sample-00009,10,1,2,20,20260823,20260926,20260926,1,Kia Ceed 2015 (exempeldata),,,Röd,,,,145945,43000,43000,43375,38785,48510,0.87,0.1,hedonic-model,high,27,0,34,,,,sample
11,sample,sample-00010,https://www.blocket.se/annons/sample-00010,11,1,2,26,20260826,20260926,20260926,1,Tesla Model 3 2019 (exempeldata),,,Svart,,,,121174,167000,167000,169249,152853,187404,1.33,0.17,hedonic-model,high,23,0,31,,,,sample
12,sample,sample-00011,https://www.blocket.se/annons/sample-00011,12,3,2,4,20260819,20260926,20260926,1,Volvo XC60 2015 (exempeldata),,,Blå,,,,152906,141000,141000,119388,101818,139989,-18.1,-1.34,hedonic-model,high,16,0,38,,,,sample
13,sample,sample-00012,https://www.blocket.se/annons/sample-00012,13,2,2,19,20260814,20260926,20260926,1,Toyota Corolla 2022 (exempeldata),,,Röd,,,,84538,180000,180000,161585,136844,190800,-11.4,-0.83,hedonic-model,high,15,0,43,,,,sample
14,sample,sample-00013,https://www.blocket.se/annons/sample-00013,14,6,2,23,20260830,20260926,20260926,1,Skoda Octavia 2017 (exempeldata),,,Blå,,,,134401,89000,89000,85532,78284,93451,-4.05,-0.58,hedonic-model,high,19,0,27,,,,sample
15,sample,sample-00014,https://www.blocket.se/annons/sample-00014,15,1,2,1,20260819,20260926,20260926,1,Volvo V60 2017 (exempeldata),,,Vit,,,,168358,94000,94000,106379,94154,120192,11.64,1.3,hedonic-model,high,18,0,38,,,,sample
16,sample,sample-00015,https://www.blocket.se/annons/sample-00015,16,1,1,16,20260926,20260926,20260926,1,BMW 3-serie 2015 (exempeldata),,,Blå,,,,159045,100000,100000,94872,84329,106734,-5.4,-0.57,hedonic-model,high,21,0,0,,,,sample
17,sample,sample-00016,https://www.blocket.se/annons/sample-00016,2,2,2,1,20260911,20260926,20260926,1,Volvo V60 2014 (exempeldata),,,Svart,,,,217072,76000,76000,68203,60365,77059,-11.43,-1.14,hedonic-model,high,18,0,15,,,,sample
18,sample,sample-00017,https://www.blocket.se/annons/sample-00017,17,7,2,20,20260918,20260926,20260926,1,Kia Ceed 2014 (exempeldata),,,Grå,,,,162297,40000,40000,35474,31719,39673,-12.76,-1.38,hedonic-model,high,27,0,8,,,,sample
19,sample,sample-00018,https://www.blocket.se/annons/sample-00018,18,8,2,7,20260812,20260926,20260926,1,Volkswagen Golf 2017 (exempeldata),,,Blå,,,,108092,85000,85000,73268,64176,83648,-16.01,-1.44,hedonic-model,high,18,0,45,,,,sample
20,sample,sample-00019,https://www.blocket.se/annons/sample-00019,19,8,1,16,20260912,20260926,20260926,1,BMW 3-serie 2020 (exempeldata),,,Silver,,,,85273,208000,208000,195273,173572,219687,-6.52,-0.69,hedonic-model,high,21,0,14,,,,sample
21,sample,sample-00020,https://www.blocket.se/annons/sample-00020,20,2,2,1,20260912,20260926,20260926,1,Volvo V60 2022 (exempeldata),,,Svart,,,,34864,234000,234000,258627,228905,292208,9.52,1.05,hedonic-model,high,18,0,14,,,,sample
22,sample,sample-00021,https://www.blocket.se/annons/sample-00021,21,9,2,16,20260913,20260926,20260926,1,BMW 3-serie 2014 (exempeldata),,,Röd,,,,171142,87000,87000,84471,75083,95032,-2.99,-0.32,hedonic-model,high,21,0,13,,,,sample
23,sample,sample-00022,https://www.blocket.se/annons/sample-00022,22,5,2,26,20260815,20260926,20260926,1,Tesla Model 3 2022 (exempeldata),,,Silver,,,,25468,337000,337000,324089,292692,358853,-3.98,-0.49,hedonic-model,high,23,0,42,,,,sample
24,sample,sample-00023,https://www.blocket.se/annons/sample-00023,23,5,2,19,20260923,20260926,20260926,1,Toyota Corolla 2019 (exempeldata),,,Röd,,,,110988,132000,132000,128396,108736,151610,-2.81,-0.21,hedonic-model,high,15,0,3,,,,sample
25,sample,sample-00024,https://www.blocket.se/annons/sample-00024,21,6,2,16,20260828,20260926,20260926,1,BMW 3-serie 2014 (exempeldata),,,Svart,,,,180109,85000,85000,83041,73812,93423,-2.36,-0.25,hedonic-model,high,21,0,29,,,,sample
26,sample,sample-00025,https://www.blocket.se/annons/sample-00025,5,1,2,20,20260926,20260926,20260926,1,Kia Ceed 2021 (exempeldata),,,Vit,,,,87991,103000,103000,101979,91186,114050,-1.0,-0.11,hedonic-model,high,27,0,0,,,,sample
27,sample,sample-00026,https://www.blocket.se/annons/sample-00026,24,3,2,7,20260910,20260926,20260926,1,Volkswagen Golf 2019 (exempeldata),,,Silver,,,,91186,88000,88000,105805,92676,120795,16.83,1.78,hedonic-model,high,18,0,16,,,,sample
28,sample,sample-00027,https://www.blocket.se/annons/sample-00027,25,8,1,19,20260908,20260926,20260926,1,Toyota Corolla 2021 (exempeldata),,,Svart,,,,76249,168000,168000,153548,130037,181309,-9.41,-0.69,hedonic-model,high,15,0,18,,,,sample
29,sample,sample-00028,https://www.blocket.se/annons/sample-00028,26,1,1,26,20260916,20260926,20260926,1,Tesla Model 3 2021 (exempeldata),,,Grå,,,,91093,226000,226000,227522,205481,251928,0.67,0.08,hedonic-model,high,23,0,10,,,,sample
30,sample,sample-00029,https://www.blocket.se/annons/sample-00029,12,3,2,4,20260919,20260926,20260926,1,Volvo XC60 2015 (exempeldata),,,Grå,,,,171484,111000,111000,120800,103023,141645,8.11,0.68,hedonic-model,high,16,0,7,,,,sample
31,sample,sample-00030,https://www.blocket.se/annons/sample-00030,27,6,2,26,20260913,20260926,20260926,1,Tesla Model 3 2019 (exempeldata),,,Vit,,,,89745,191000,191000,177363,160181,196389,-7.69,-0.93,hedonic-model,high,23,0,13,,,,sample
32,sample,sample-00031,https://www.blocket.se/annons/sample-00031,28,9,1,14,20260906,20260926,20260926,1,Audi A4 2019 (exempeldata),,,Svart,,,,90786,156000,156000,161754,142280,183893,3.56,0.36,hedonic-model,high,16,0,20,,,,sample
33,sample,sample-00032,https://www.blocket.se/annons/sample-00032,29,6,2,20,20260918,20260926,20260926,1,Kia Ceed 2022 (exempeldata),,,Svart,,,,126605,102000,102000,106133,94900,118695,3.89,0.46,hedonic-model,low,27,0,8,,,,sample
34,sample,sample-00033,https://www.blocket.se/annons/sample-00033,4,1,2,11,20260812,20260926,20260926,1,Volkswagen Passat 2018 (exempeldata),,,Grå,,,,119353,106000,106000,102414,91304,114876,-3.5,-0.38,hedonic-model,high,17,0,45,,,,sample
35,sample,sample-00034,https://www.blocket.se/annons/sample-00034,30,6,1,23,20260919,20260926,20260926,1,Skoda Octavia 2013 (exempeldata),,,Röd,,,,182447,48000,48000,47241,43238,51615,-1.61,-0.23,hedonic-model,high,19,0,7,,,,sample
36,sample,sample-00035,https://www.blocket.se/annons/sample-00035,31,4,2,23,20260913,20260926,20260926,1,Skoda Octavia 2015 (exempeldata),,,Grå,,,,142876,68000,68000,64697,59214,70687,-5.11,-0.72,hedonic-model,high,19,0,13,,,,sample
37,sample,sample-00036,https://www.blocket.se/annons/sample-00036,32,6,2,20,20260924,20260926,20260926,1,Kia Ceed 2017 (exempeldata),,,Silver,,,,167048,51000,51000,54289,48543,60715,6.06,0.72,hedonic-model,high,27,0,2,,,,sample
38,sample,sample-00037,https://www.blocket.se/annons/sample-00037,33,3,2,7,20260822,20260926,20260926,1,Volkswagen Golf 2017 (exempeldata),,,Svart,,,,113318,77000,77000,76055,66617,86830,-1.24,-0.12,hedonic-model,high,18,0,35,,,,sample
39,sample,sample-00038,https://www.blocket.se/annons/sample-00038,12,6,2,4,20260903,20260926,20260926,1,Volvo XC60 2015 (exempeldata),,,Silver,,,,128605,122000,122000,133311,113693,156315,8.48,0.71,hedonic-model,high,16,0,23,,,,sample
40,sample,sample-00039,https://www.blocket.se/annons/sample-00039,34,1,1,11,20260831,20260926,20260926,1,Volkswagen Passat 2016 (exempeldata),,,Vit,,,,139279,84000,84000,75875,67644,85108,-10.71,-1.14,hedonic-model,high,17,0,26,,,,sample
41,sample,sample-00040,https://www.blocket.se/annons/sample-00040,35,3,2,7,20260815,20260926,20260926,1,Volkswagen Golf 2015 (exempeldata),,,Silver,,,,168293,56000,56000,52128,45660,59514,-7.43,-0.69,hedonic-model,high,18,0,42,,,,sample
42,sample,sample-00041,https://www.blocket.se/annons/sample-00041,36,8,2,7,20260828,20260926,20260926,1,Volkswagen Golf 2014 (exempeldata),,,Silver,,,,176961,40000,40000,44518,38994,50825,10.15,1.04,hedonic-model,high,18,0,29,,,,sample
43,sample,sample-00042,https://www.blocket.se/annons/sample-00042,37,6,2,11,20260904,20260926,20260926,1,Volkswagen Passat 2016 (exempeldata),,,Röd,,,,162957,76000,76000,75174,67019,84321,-1.1,-0.12,hedonic-model,high,17,0,22,,,,sample
44,sample,sample-00043,https://www.blocket.se/annons/sample-00043,38,7,2,23,20260820,20260926,20260926,1,Skoda Octavia 2018 (exempeldata),,,Svart,,,,121941,92000,92000,97619,89347,106657,5.76,0.86,hedonic-model,high,19,0,37,,,,sample
45,sample,sample-00044,https://www.blocket.se/annons/sample-00044,39,1,2,4,20260919,20260926,20260926,1,Volvo XC60 2022 (exempeldata),,,Grå,,,,30393,324000,324000,380807,324767,446517,14.92,1.3,hedonic-model,high,16,0,7,,,,sample
46,sample,sample-00045,https://www.blocket.se/annons/sample-00045,40,1,2,11,20260823,20260926,20260926,1,Volkswagen Passat 2017 (exempeldata),,,Silver,,,,147908,85000,85000,88488,78889,99255,3.94,0.45,hedonic-model,high,17,0,34,,,,sample
47,sample,sample-00046,https://www.blocket.se/annons/sample-00046,23,5,1,19,20260907,20260926,20260926,1,Toyota Corolla 2019 (exempeldata),,,Röd,,,,147733,120000,120000,114239,96747,134893,-5.04,-0.38,hedonic-model,low,15,0,19,,,,sample
48,sample,sample-00047,https://www.blocket.se/annons/sample-00047,23,7,2,19,20260914,20260926,20260926,1,Toyota Corolla 2019 (exempeldata),,,Röd,,,,90780,139000,139000,135480,114735,159974,-2.6,-0.2,hedonic-model,high,15,0,12,,,,sample
49,sample,sample-00048,https://www.blocket.se/annons/sample-00048,23,3,2,19,20260820,20260926,20260926,1,Toyota Corolla 2019 (exempeldata),,,Blå,,,,92341,116000,116000,140759,119207,166209,17.59,1.49,hedonic-model,high,15,0,37,,,,sample
50,sample,sample-00049,https://www.blocket.se/annons/sample-00049,41,7,1,20,20260815,20260926,20260926,1,Kia Ceed 2020 (exempeldata),,,Silver,,,,78766,100000,100000,91528,81841,102362,-9.26,-1.01,hedonic-model,high,27,0,42,,,,sample
51,sample,sample-00050,https://www.blocket.se/annons/sample-00050,42,8,2,23,20260914,20260926,20260926,1,Skoda Octavia 2022 (exempeldata),,,Svart,,,,41156,188000,188000,190625,174471,208274,1.38,0.2,hedonic-model,high,19,0,12,,,,sample
52,sample,sample-00051,https://www.blocket.se/annons/sample-00051,43,5,2,1,20260828,20260926,20260926,1,Volvo V60 2016 (exempeldata),,,Röd,,,,181777,102000,102000,96391,85314,108907,-5.82,-0.59,hedonic-model,high,18,0,29,,,,sample
53,sample,sample-00052,https://www.blocket.se/annons/sample-00052,11,5,1,26,20260830,20260926,20260926,1,Tesla Model 3 2019 (exempeldata),,,Vit,,,,101110,157000,157000,181332,163765,200783,13.42,1.81,hedonic-model,high,23,0,27,,,,sample
54,sample,sample-00053,https://www.blocket.se/annons/sample-00053,44,5,2,23,20260828,20260926,20260926,1,Skoda Octavia 2020 (exempeldata),,,Blå,,,,70701,132000,132000,141849,129829,154982,6.94,1.04,hedonic-model,high,19,0,29,,,,sample
55,sample,sample-00054,https://www.blocket.se/annons/sample-00054,45,1,2,23,20260830,20260926,20260926,1,Skoda Octavia 2021 (exempeldata),,,Vit,,,,34583,177000,177000,175729,160838,191999,-0.72,-0.1,hedonic-model,high,19,0,27,,,,sample
56,sample,sample-00055,https://www.blocket.se/annons/sample-00055,46,6,2,20,20260824,20260926,20260926,1,Kia Ceed 2020 (exempeldata),,,Röd,,,,62364,100000,100000,105850,94647,118380,5.53,0.65,hedonic-model,high,27,0,33,,,,sample
57,sample,sample-00056,https://www.blocket.se/annons/sample-00056,40,1,1,11,20260921,20260926,20260926,1,Volkswagen Passat 2017 (exempeldata),,,Vit,,,,105605,99000,99000,93952,83760,105385,-5.37,-0.58,hedonic-model,high,17,0,5,,,,sample
58,sample,sample-00057,https://www.blocket.se/annons/sample-00057,47,5,2,11,20260831,20260926,20260926,1,Volkswagen Passat 2019 (exempeldata),,,Silver,,,,116665,124000,124000,119740,106751,134311,-3.56,-0.39,hedonic-model,high,17,0,26,,,,sample
59,sample,sample-00058,https://www.blocket.se/annons/sample-00058,48,2,2,23,20260821,20260926,20260926,1,Skoda Octavia 2020 (exempeldata),,,Blå,,,,78247,134000,134000,133580,122261,145948,-0.31,-0.05,hedonic-model,high,19,0,36,,,,sample
60,sample,sample-00059,https://www.blocket.se/annons/sample-00059,49,3,2,1,20260823,20260926,20260926,1,Volvo V60 2018 (exempeldata),,,Blå,,,,126873,132000,132000,128844,114037,145573,-2.45,-0.25,hedonic-model,high,18,0,34,,,,sample
61,sample,sample-00060,https://www.blocket.se/annons/sample-00060,50,3,2,11,20260916,20260926,20260926,1,Volkswagen Passat 2017 (exempeldata),,,Vit,,,,130534,93000,93000,90985,81115,102056,-2.21,-0.24,hedonic-model,high,17,0,10,,,,sample
62,sample,sample-00061,https://www.blocket.se/annons/sample-00061,51,2,1,26,20260921,20260926,20260926,1,Tesla Model 3 2021 (exempeldata),,,Vit,,,,76904,235000,235000,234491,211774,259644,-0.22,-0.03,hedonic-model,high,23,0,5,,,,sample
63,sample,sample-00062,https://www.blocket.se/annons/sample-00062,10,3,2,20,20260909,20260926,20260926,1,Kia Ceed 2015 (exempeldata),,,Silver,,,,183559,39000,39000,41826,37399,46777,6.76,0.8,hedonic-model,high,27,0,17,,,,sample
64,sample,sample-00063,https://www.blocket.se/annons/sample-00063,52,4,2,4,20260912,20260926,20260926,1,Volvo XC60 2020 (exempeldata),,,Röd,,,,96067,223000,223000,239250,204041,280533,6.79,0.57,hedonic-model,high,16,0,14,,,,sample
65,sample,sample-00064,https://www.blocket.se/annons/sample-00064,53,5,1,1,20260821,20260926,20260926,1,Volvo V60 2013 (exempeldata),,,Blå,,,,207674,54000,54000,62502,55320,70618,13.6,1.54,hedonic-model,high,18,0,36,,,,sample
66,sample,sample-00065,https://www.blocket.se/annons/sample-00065,54,5,1,14,20260916,20260926,20260926,1,Audi A4 2018 (exempeldata),,,Svart,,,,115847,132000,132000,132259,116336,150361,0.2,0.02,hedonic-model,high,16,0,10,,,,sample
67,sample,sample-00066,https://www.blocket.se/annons/sample-00066,11,8,1,26,20260922,20260926,20260926,1,Tesla Model 3 2019 (exempeldata),,,Svart,,,,128620,176000,176000,161081,145476,178360,-9.26,-1.11,hedonic-model,high,23,0,4,,,,sample
68,sample,sample-00067,https://www.blocket.se/annons/sample-00067,55,2,2,14,20260904,20260926,20260926,1,Audi A4 2022 (exempeldata),,,Röd,,,,48682,252000,252000,249998,219900,284216,-0.8,-0.08,hedonic-model,high,16,0,22,,,,sample
69,sample,sample-00068,https://www.blocket.se/annons/sample-00068,56,5,1,16,20260830,20260926,20260926,1,BMW 3-serie 2014 (exempeldata),,,Röd,,,,161739,93000,93000,80871,71884,90982,-15.0,-1.52,hedonic-model,high,21,0,27,,,,sample
70,sample,sample-00069,https://www.blocket.se/annons/sample-00069,10,6,2,20,20260818,20260926,20260926,1,Kia Ceed 2015 (exempeldata),,,Blå,,,,164315,42000,42000,42276,37801,47280,0.65,0.07,hedonic-model,high,27,0,39,,,,sample
71,sample,sample-00070,https://www.blocket.se/annons/sample-00070,57,8,1,19,20260828,20260926,20260926,1,Toyota Corolla 2022 (exempeldata),,,Silver,,,,55493,172000,172000,205295,173861,242413,16.22,1.36,hedonic-model,high,15,0,29,,,,sample
72,sample,sample-00071,https://www.blocket.se/annons/sample-00071,58,8,2,1,20260904,20260926,20260926,1,Volvo V60 2020 (exempeldata),,,Silver,,,,128814,164000,164000,165050,146082,186481,0.64,0.07,hedonic-model,high,18,0,22,,,,sample
73,sample,sample-00072,https://www.blocket.se/annons/sample-00072,55,5,2,14,20260911,20260926,20260926,1,Audi A4 2022 (exempeldata),,,Blå,,,,55143,227000,227000,251339,221079,285740,9.68,1.02,hedonic-model,high,16,0,15,,,,sample
74,sample,sample-00073,https://www.blocket.se/annons/sample-00073,59,9,1,23,20260829,20260926,20260926,1,Skoda Octavia 2016 (exempeldata),,,Svart,,,,134667,80000,80000,74779,68442,81702,-6.98,-0.98,hedonic-model,high,19,0,28,,,,sample
75,sample,sample-00074,https://www.blocket.se/annons/sample-00074,60,1,1,14,20260824,20260926,20260926,1,Audi A4 2016 (exempeldata),,,Blå,,,,137679,108000,108000,96131,84558,109289,-12.35,-1.16,hedonic-model,high,16,0,33,,,,sample
76,sample,sample-00075,https://www.blocket.se/annons/sample-00075,61,6,2,23,20260910,20260926,20260926,1,Skoda Octavia 2018 (exempeldata),,,Svart,,,,128440,95000,95000,96102,87958,104999,1.15,0.17,hedonic-model,high,19,0,16,,,,sample
77,sample,sample-00076,https://www.blocket.se/annons/sample-00076,4,8,2,11,20260827,20260926,20260926,1,Volkswagen Passat 2018 (exempeldata),,,Röd,,,,138111,105000,105000,98864,88139,110893,-6.21,-0.67,hedonic-model,high,17,0,30,,,,sample
78,sample,sample-00077,https://www.blocket.se/annons/sample-00077,26,8,1,26,20260908,20260926,20260926,1,Tesla Model 3 2021 (exempeldata),,,Silver,,,,91912,240000,240000,222333,200794,246182,-7.95,-0.96,hedonic-model,high,23,0,18,,,,sample
79,sample,sample-00078,https://www.blocket.se/annons/sample-00078,33,1,2,7,20260908,20260926,20260926,1,Volkswagen Golf 2017 (exempeldata),,,Röd,,,,159622,68000,68000,73292,64197,83675,7.22,0.72,hedonic-model,high,18,0,18,,,,sample
80,sample,sample-00079,https://www.blocket.se/annons/sample-00079,17,9,2,20,20260827,20260926,20260926,1,Kia Ceed 2014 (exempeldata),,,Silver,,,,182194,37000,37000,35359,31616,39544,-4.64,-0.52,hedonic-model,high,27,0,30,,,,sample
81,sample,sample-00080,https://www.blocket.se/annons/sample-00080,62,2,2,7,20260917,20260926,20260926,1,Volkswagen Golf 2013 (exempeldata),,,Grå,,,,194380,33000,33000,37881,33181,43248,12.89,1.33,hedonic-model,high,18,0,9,,,,sample
82,sample,sample-00081,https://www.blocket.se/annons/sample-00081,63,8,2,14,20260824,20260926,20260926,1,Audi A4 2014 (exempeldata),,,Blå,,,,219779,64000,64000,69446,61085,78951,7.84,0.82,hedonic-model,high,16,0,33,,,,sample
83,sample,sample-00082,https://www.blocket.se/annons/sample-00082,32,5,2,20,20260913,20260926,20260926,1,Kia Ceed 2017 (exempeldata),,,Silver,,,,173751,51000,51000,53392,47741,59711,4.48,0.52,hedonic-model,high,27,0,13,,,,sample
84,sample,sample-00083,https://www.blocket.se/annons/sample-00083,64,7,2,4,20260926,20260926,20260926,1,Volvo XC60 2015 (exempeldata),,,Blå,,,,118256,150000,150000,130714,111478,153269,-14.75,-1.11,hedonic-model,low,16,0,0,,,,sample
85,sample,sample-00084,https://www.blocket.se/annons/sample-00084,65,9,2,26,20260922,20260926,20260926,1,Tesla Model 3 2020 (exempeldata),,,Silver,,,,86279,220000,220000,209819,189493,232327,-4.85,-0.6,hedonic-model,high,23,0,4,,,,sample
86,sample,sample-00085,https://www.blocket.se/annons/sample-00085,11,7,2,26,20260909,20260926,20260926,1,Tesla Model 3 2019 (exempeldata),,,Svart,,,,119028,172000,172000,169521,153098,187705,-1.46,-0.18,hedonic-model,high,23,0,17,,,,sample
87,sample,sample-00086,https://www.blocket.se/annons/sample-00086,66,9,2,1,20260919,20260926,20260926,1,Volvo V60 2015 (exempeldata),,,Röd,,,,172117,95000,95000,89369,79099,100973,-6.3,-0.64,hedonic-model,high,18,0,7,,,,sample
88,sample,sample-00087,https://www.blocket.se/annons/sample-00087,28,9,2,14,20260829,20260926,20260926,1,Audi A4 2019 (exempeldata),,,Grå,,,,79066,176000,176000,158369,139303,180046,-11.13,-1.05,hedonic-model,high,16,0,28,,,,sample
89,sample,sample-00088,https://www.blocket.se/annons/sample-00088,67,2,2,1,20260814,20260926,20260926,1,Volvo V60 2019 (exempeldata),,,Grå,,,,102359,149000,149000,161434,142882,182395,7.7,0.84,hedonic-model,high,18,0,43,,,,sample
90,sample,sample-00089,https://www.blocket.se/annons/sample-00089,66,6,2,1,20260915,20260926,20260926,1,Volvo V60 2015 (exempeldata),,,Röd,,,,137916,101000,101000,94641,83765,106929,-6.72,-0.68,hedonic-model,high,18,0,11,,,,sample
91,sample,sample-00090,https://www.blocket.se/annons/sample-00090,17,3,2,20,20260813,20260926,20260926,1,Kia Ceed 2014 (exempeldata),,,Silver,,,,159871,30000,30000,38166,34127,42684,21.4,2.76,hedonic-model,high,27,0,44,,,,sample
92,sample,sample-00091,https://www.blocket.se/annons/sample-00091,25,5,1,19,20260901,20260926,20260926,1,Toyota Corolla 2021 (exempeldata),,,Röd,,,,78838,129000,129000,164348,139184,194063,21.51,1.87,hedonic-model,high,15,0,25,,,,sample
93,sample,sample-00092,https://www.blocket.se/annons/sample-00092,44,9,1,23,20260923,20260926,20260926,1,Skoda Octavia 2020 (exempeldata),,,Silver,,,,78976,133000,133000,134990,123551,147488,1.47,0.21,hedonic-model,high,19,0,3,,,,sample
94,sample,sample-00093,https://www.blocket.se/annons/sample-00093,68,9,2,23,20260919,20260926,20260926,1,Skoda Octavia 2015 (exempeldata),,,Röd,,,,171684,67000,67000,63332,57965,69195,-5.79,-0.81,hedonic-model,high,19,0,7,,,,sample
95,sample,sample-00094,https://www.blocket.se/annons/sample-00094,27,8,2,26,20260919,20260926,20260926,1,Tesla Model 3 2019 (exempeldata),,,Svart,,,,100686,173000,173000,174545,157636,193268,0.89,0.11,hedonic-model,high,23,0,7,,,,sample
96,sample,sample-00095,https://www.blocket.se/annons/sample-00095,69,6,2,7,20260831,20260926,20260926,1,Volkswagen Golf 2020 (exempeldata),,,Blå,,,,73293,130000,130000,122244,107074,139563,-6.34,-0.6,hedonic-model,high,18,0,26,,,,sample
97,sample,sample-00096,https://www.blocket.se/annons/sample-00096,70,7,2,11,20260922,20260926,20260926,1,Volkswagen Passat 2020 (exempeldata),,,Blå,,,,71337,162000,162000,147522,131519,165473,-9.81,-1.04,hedonic-model,high,17,0,4,,,,sample
98,sample,sample-00097,https://www.blocket.se/annons/sample-00097,71,9,1,16,20260917,20260926,20260926,1,BMW 3-serie 2021 (exempeldata),,,Grå,,,,68771,195000,195000,230897,205237,259765,15.55,1.84,hedonic-model,high,21,0,9,,,,sample
99,sample,sample-00098,https://www.blocket.se/annons/sample-00098,72,8,2,20,20260813,20260926,20260926,1,Kia Ceed 2018 (exempeldata),,,Grå,,,,103199,71000,71000,71405,63847,79857,0.57,0.07,hedonic-model,high,27,0,44,,,,sample
100,sample,sample-00099,https://www.blocket.se/annons/sample-00099,23,4,2,19,20260827,20260926,20260926,1,Toyota Corolla 2019 (exempeldata),,,Blå,,,,134480,128000,128000,118458,100320,139875,-8.06,-0.6,hedonic-model,high,15,0,30,,,,sample
101,sample,sample-00100,https://www.blocket.se/annons/sample-00100,73,5,2,7,20260829,20260926,20260926,1,Volkswagen Golf 2020 (exempeldata),,,Grå,,,,100137,120000,120000,118125,103466,134860,-1.59,-0.15,hedonic-model,high,18,0,28,,,,sample
102,sample,sample-00101,https://www.blocket.se/annons/sample-00101,74,7,2,20,20260922,20260926,20260926,1,Kia Ceed 2013 (exempeldata),,,Silver,,,,192722,31000,31000,29871,26709,33406,-3.78,-0.43,hedonic-model,high,27,0,4,,,,sample
103,sample,sample-00102,https://www.blocket.se/annons/sample-00102,75,1,1,16,20260902,20260926,20260926,1,BMW 3-serie 2022 (exempeldata),,,Röd,,,,49793,277000,277000,261541,232475,294240,-5.91,-0.62,hedonic-model,high,21,0,24,,,,sample
104,sample,sample-00103,https://www.blocket.se/annons/sample-00103,5,6,1,20,20260912,20260926,20260926,1,Kia Ceed 2021 (exempeldata),,,Blå,,,,47883,99000,99000,123326,110274,137924,19.73,2.52,hedonic-model,high,27,0,14,,,,sample
105,sample,sample-00104,https://www.blocket.se/annons/sample-00104,76,6,2,4,20260904,20260926,20260926,1,Volvo XC60 2014 (exempeldata),,,Blå,,,,151128,119000,119000,115517,98517,135450,-3.02,-0.24,hedonic-model,high,16,0,22,,,,sample
106,sample,sample-00105,https://www.blocket.se/annons/sample-00105,77,7,2,7,20260916,20260926,20260926,1,Volkswagen Golf 2016 (exempeldata),,,Svart,,,,160666,63000,63000,61683,54028,70421,-2.14,-0.2,hedonic-model,high,18,0,10,,,,sample
107,sample,sample-00106,https://www.blocket.se/annons/sample-00106,27,6,2,26,20260828,20260926,20260926,1,Tesla Model 3 2019 (exempeldata),,,Röd,,,,94158,165000,165000,179457,162072,198708,8.06,1.06,hedonic-model,high,23,0,29,,,,sample
108,sample,sample-00107,https://www.blocket.se/annons/sample-00107,58,7,2,1,20260922,20260926,20260926,1,Volvo V60 2020 (exempeldata),,,Silver,,,,79856,191000,191000,187427,165887,211763,-1.91,-0.2,hedonic-model,high,18,0,4,,,,sample
109,sample,sample-00108,https://www.blocket.se/annons/sample-00108,27,8,2,26,20260902,20260926,20260926,1,Tesla Model 3 2019 (exempeldata),,,Svart,,,,91495,183000,183000,177775,160553,196845,-2.94,-0.36,hedonic-model,high,23,0,24,,,,sample
110,sample,sample-00109,https://www.blocket.se/annons/sample-00109,47,6,1,11,20260925,20260926,20260926,1,Volkswagen Passat 2019 (exempeldata),,,Silver,,,,88895,133000,133000,130756,116572,146666,-1.72,-0.19,hedonic-model,high,17,0,1,,,,sample
111,sample,sample-00110,https://www.blocket.se/annons/sample-00110,20,9,1,1,20260908,20260926,20260926,1,Volvo V60 2022 (exempeldata),,,Grå,,,,82968,225000,225000,193002,170822,218062,-16.58,-1.61,hedonic-model,high,18,0,18,,,,sample
112,sample,sample-00111,https://www.blocket.se/annons/sample-00111,78,7,1,16,20260817,20260926,20260926,1,BMW 3-serie 2016 (exempeldata),,,Röd,,,,123969,123000,123000,119516,106234,134459,-2.91,-0.31,hedonic-model,high,21,0,40,,,,sample
113,sample,sample-00112,https://www.blocket.se/annons/sample-00112,15,4,2,1,20260831,20260926,20260926,1,Volvo V60 2017 (exempeldata),,,Vit,,,,136251,106000,106000,112239,99340,126812,5.56,0.6,hedonic-model,high,18,0,26,,,,sample
114,sample,sample-00113,https://www.blocket.se/annons/sample-00113,79,1,2,7,20260909,20260926,20260926,1,Volkswagen Golf 2021 (exempeldata),,,Silver,,,,69942,145000,145000,136812,119835,156195,-5.98,-0.56,hedonic-model,high,18,0,17,,,,sample
115,sample,sample-00114,https://www.blocket.se/annons/sample-00114,80,7,1,20,20260912,20260926,20260926,1,Kia Ceed 2017 (exempeldata),,,Grå,,,,134606,56000,56000,56786,50776,63508,1.38,0.16,hedonic-model,high,27,0,14,,,,sample
116,sample,sample-00115,https://www.blocket.se/annons/sample-00115,56,9,2,16,20260903,20260926,20260926,1,BMW 3-serie 2014 (exempeldata),,,Grå,,,,161814,79000,79000,86426,76821,97231,8.59,0.98,hedonic-model,high,21,0,23,,,,sample
117,sample,sample-00116,https://www.blocket.se/annons/sample-00116,81,1,1,19,20260906,20260926,20260926,1,Toyota Corolla 2019 (exempeldata),,,Röd,,,,116343,123000,123000,125005,105865,147606,1.6,0.12,hedonic-model,high,15,0,20,,,,sample
118,sample,sample-00117,https://www.blocket.se/annons/sample-00117,52,3,1,4,20260919,20260926,20260926,1,Volvo XC60 2020 (exempeldata),,,Svart,,,,99187,244000,244000,223147,190308,261651,-9.35,-0.72,hedonic-model,high,16,0,7,,,,sample
119,sample,sample-00118,https://www.blocket.se/annons/sample-00118,82,3,2,1,20260828,20260926,20260926,1,Volvo V60 2017 (exempeldata),,,Röd,,,,144933,114000,114000,115583,102300,130591,1.37,0.14,hedonic-model,high,18,0,29,,,,sample
120,sample,sample-00119,https://www.blocket.se/annons/sample-00119,83,3,2,23,20260816,20260926,20260926,1,Skoda Octavia 2019 (exempeldata),,,Blå,,,,104745,115000,115000,112547,103010,122968,-2.18,-0.31,hedonic-model,high,19,0,41,,,,sample
121,sample,sample-00120,https://www.blocket.se/annons/sample-00120,27,9,2,26,20260911,20260926,20260926,1,Tesla Model 3 2019 (exempeldata),,,Svart,,,,120028,176000,176000,163786,147919,181355,-7.46,-0.9,hedonic-model,high,23,0,15,,,,sample
122,sample,sample-00121,https://www.blocket.se/annons/sample-00121,71,2,2,16,20260901,20260926,20260926,1,BMW 3-serie 2021 (exempeldata),,,Vit,,,,68946,240000,240000,215630,191667,242589,-11.3,-1.16,hedonic-model,high,21,0,25,,,,sample
123,sample,sample-00122,https://www.blocket.se/annons/sample-00122,52,2,2,4,20260905,20260926,20260926,1,Volvo XC60 2020 (exempeldata),,,Vit,,,,101581,235000,235000,231030,197032,270896,-1.72,-0.14,hedonic-model,high,16,0,21,,,,sample
124,sample,sample-00123,https://www.blocket.se/annons/sample-00123,11,8,2,26,20260820,20260926,20260926,1,Tesla Model 3 2019 (exempeldata),,,Vit,,,,112521,168000,168000,173578,156762,192197,3.21,0.41,hedonic-model,high,23,0,37,,,,sample
125,sample,sample-00124,https://www.blocket.se/annons/sample-00124,16,7,2,16,20260823,20260926,20260926,1,BMW 3-serie 2015 (exempeldata),,,Vit,,,,171473,94000,94000,93732,83315,105451,-0.29,-0.03,hedonic-model,high,21,0,34,,,,sample
126,sample,sample-00125,https://www.blocket.se/annons/sample-00125,1,8,1,4,20260820,20260926,20260926,1,Volvo XC60 2013 (exempeldata),,,Svart,,,,168863,110000,110000,94777,80829,111131,-16.06,-1.2,hedonic-model,high,16,0,37,,,,sample
127,sample,sample-00126,https://www.blocket.se/annons/sample-00126,18,9,1,7,20260829,20260926,20260926,1,Volkswagen Golf 2017 (exempeldata),,,Grå,,,,166140,69000,69000,78794,69016,89957,12.43,1.28,hedonic-model,high,18,0,28,,,,sample
128,sample,sample-00127,https://www.blocket.se/annons/sample-00127,27,2,2,26,20260815,20260926,20260926,1,Tesla Model 3 2019 (exempeldata),,,Blå,,,,115639,174000,174000,166515,150383,184376,-4.5,-0.55,hedonic-model,high,23,0,42,,,,sample
129,sample,sample-00128,https://www.blocket.se/annons/sample-00128,53,9,1,1,20260922,20260926,20260926,1,Volvo V60 2013 (exempeldata),,,Silver,,,,233772,56000,56000,57736,51101,65232,3.01,0.32,hedonic-model,high,18,0,4,,,,sample
130,sample,sample-00129,https://www.blocket.se/annons/sample-00129,27,1,1,26,20260812,20260926,20260926,1,Tesla Model 3 2019 (exempeldata),,,Blå,,,,104655,172000,172000,170602,154075,188903,-0.82,-0.1,hedonic-model,high,23,0,45,,,,sample
131,sample,sample-00130,https://www.blocket.se/annons/sample-00130,26,5,2,26,20260816,20260926,20260926,1,Tesla Model 3 2021 (exempeldata),,,Blå,,,,68392,253000,253000,249118,224984,275840,-1.56,-0.19,hedonic-model,high,23,0,41,,,,sample
132,sample,sample-00131,https://www.blocket.se/annons/sample-00131,84,3,1,20,20260831,20260926,20260926,1,Kia Ceed 2016 (exempeldata),,,Silver,,,,172798,46000,46000,46343,41438,51829,0.74,0.09,hedonic-model,high,27,0,26,,,,sample
133,sample,sample-00132,https://www.blocket.se/annons/sample-00132,81,5,2,19,20260921,20260926,20260926,1,Toyota Corolla 2019 (exempeldata),,,Svart,,,,95152,133000,133000,132492,112205,156447,-0.38,-0.03,hedonic-model,high,15,0,5,,,,sample
134,sample,sample-00133,https://www.blocket.se/annons/sample-00133,81,7,1,19,20260822,20260926,20260926,1,Toyota Corolla 2019 (exempeldata),,,Grå,,,,88322,145000,145000,131410,111289,155169,-10.34,-0.76,hedonic-model,high,15,0,35,,,,sample
135,sample,sample-00134,https://www.blocket.se/annons/sample-00134,45,3,2,23,20260923,20260926,20260926,1,Skoda Octavia 2021 (exempeldata),,,Grå,,,,70099,150000,150000,153089,140116,167263,2.02,0.3,hedonic-model,high,19,0,3,,,,sample
136,sample,sample-00135,https://www.blocket.se/annons/sample-00135,54,7,1,14,20260815,20260926,20260926,1,Audi A4 2018 (exempeldata),,,Vit,,,,128960,126000,126000,127721,112344,145202,1.35,0.14,hedonic-model,high,16,0,42,,,,sample
137,sample,sample-00136,https://www.blocket.se/annons/sample-00136,85,3,2,4,20260822,20260926,20260926,1,Volvo XC60 2018 (exempeldata),,,Grå,,,,130798,189000,189000,178602,152319,209421,-5.82,-0.46,hedonic-model,high,16,0,35,,,,sample
138,sample,sample-00137,https://www.blocket.se/annons/sample-00137,86,6,2,14,20260905,20260926,20260926,1,Audi A4 2013 (exempeldata),,,Svart,,,,179190,68000,68000,59308,52168,67425,-14.66,-1.37,hedonic-model,high,16,0,21,,,,sample
139,sample,sample-00138,https://www.blocket.se/annons/sample-00138,35,2,1,7,20260921,20260926,20260926,1,Volkswagen Golf 2015 (exempeldata),,,Blå,,,,146490,56000,56000,57312,50200,65431,2.29,0.22,hedonic-model,high,18,0,5,,,,sample
140,sample,sample-00139,https://www.blocket.se/annons/sample-00139,87,4,1,19,20260821,20260926,20260926,1,Toyota Corolla 2020 (exempeldata),,,Svart,,,,81807,151000,151000,146880,124390,173436,-2.81,-0.21,hedonic-model,high,15,0,36,,,,sample
141,sample,sample-00140,https://www.blocket.se/annons/sample-00140,88,3,2,7,20260826,20260926,20260926,1,Volkswagen Golf 2015 (exempeldata),,,Blå,,,,165178,53000,53000,52299,45809,59709,-1.34,-0.13,hedonic-model,high,18,0,31,,,,sample
142,sample,sample-00141,https://www.blocket.se/annons/sample-00141,60,6,2,14,20260814,20260926,20260926,1,Audi A4 2016 (exempeldata),,,Grå,,,,143612,90000,90000,99595,87604,113226,9.63,1.01,hedonic-model,high,16,0,43,,,,sample
143,sample,sample-00142,https://www.blocket.se/annons/sample-00142,86,8,1,14,20260918,20260926,20260926,1,Audi A4 2013 (exempeldata),,,Silver,,,,205629,62000,62000,62172,54687,70681,0.28,0.03,hedonic-model,high,16,0,8,,,,sample
144,sample,sample-00143,https://www.blocket.se/annons/sample-00143,56,7,1,16,20260918,20260926,20260926,1,BMW 3-serie 2014 (exempeldata),,,Grå,,,,236725,68000,68000,78825,70065,88680,13.73,1.61,hedonic-model,low,21,0,8,,,,sample
145,sample,sample-00144,https://www.blocket.se/annons/sample-00144,89,2,1,11,20260830,20260926,20260926,1,Volkswagen Passat 2021 (exempeldata),,,Blå,,,,47296,182000,182000,182372,162588,204563,0.2,0.02,hedonic-model,high,17,0,27,,,,sample
146,sample,sample-00145,https://www.blocket.se/annons/sample-00145,85,3,2,4,20260908,20260926,20260926,1,Volvo XC60 2018 (exempeldata),,,Blå,,,,109287,198000,198000,189058,161236,221680,-4.73,-0.37,hedonic-model,high,16,0,18,,,,sample
147,sample,sample-00146,https://www.blocket.se/annons/sample-00146,90,4,1,1,20260921,20260926,20260926,1,Volvo V60 2018 (exempeldata),,,Svart,,,,142897,128000,128000,126845,112268,143315,-0.91,-0.1,hedonic-model,high,18,0,5,,,,sample
148,sample,sample-00147,https://www.blocket.se/annons/sample-00147,47,3,2,11,20260907,20260926,20260926,1,Volkswagen Passat 2019 (exempeldata),,,Vit,,,,147836,112000,112000,114618,102185,128565,2.28,0.26,hedonic-model,low,17,0,19,,,,sample
149,sample,sample-00148,https://www.blocket.se/annons/sample-00148,91,4,1,16,20260904,20260926,20260926,1,BMW 3-serie 2015 (exempeldata),,,Vit,,,,190126,91000,91000,91040,80922,102422,0.04,0.0,hedonic-model,high,21,0,22,,,,sample
150,sample,sample-00149,https://www.blocket.se/annons/sample-00149,64,5,2,4,20260915,20260926,20260926,1,Volvo XC60 2015 (exempeldata),,,Blå,,,,178078,102000,102000,128541,109625,150721,20.65,1.86,hedonic-model,high,16,0,11,,,,sample
151,sample,sample-00150,https://www.blocket.se/annons/sample-00150,22,4,1,26,20260817,20260926,20260926,1,Tesla Model 3 2022 (exempeldata),,,Vit,,,,16897,337000,337000,338264,305494,374549,0.37,0.05,hedonic-model,high,23,0,40,,,,sample
152,sample,sample-00151,https://www.blocket.se/annons/sample-00151,92,6,1,20,20260820,20260926,20260926,1,Kia Ceed 2014 (exempeldata),,,Silver,,,,194333,34000,34000,33395,29861,37348,-1.81,-0.21,hedonic-model,high,27,0,37,,,,sample
153,sample,sample-00152,https://www.blocket.se/annons/sample-00152,93,5,2,23,20260816,20260926,20260926,1,Skoda Octavia 2014 (exempeldata),,,Grå,,,,171873,55000,55000,56014,51267,61200,1.81,0.26,hedonic-model,high,19,0,41,,,,sample
154,sample,sample-00153,https://www.blocket.se/annons/sample-00153,26,2,2,26,20260829,20260926,20260926,1,Tesla Model 3 2021 (exempeldata),,,Silver,,,,95372,232000,232000,223578,201919,247561,-3.77,-0.47,hedonic-model,high,23,0,28,,,,sample
155,sample,sample-00154,https://www.blocket.se/annons/sample-00154,65,4,2,26,20260812,20260926,20260926,1,Tesla Model 3 2020 (exempeldata),,,Grå,,,,39694,246000,246000,238593,215479,264187,-3.1,-0.38,hedonic-model,low,23,0,45,,,,sample
156,sample,sample-00155,https://www.blocket.se/annons/sample-00155,62,9,1,7,20260824,20260926,20260926,1,Volkswagen Golf 2013 (exempeldata),,,Silver,,,,194567,40000,40000,37478,32827,42787,-6.73,-0.63,hedonic-model,high,18,0,33,,,,sample
157,sample,sample-00156,https://www.blocket.se/annons/sample-00156,94,4,2,16,20260922,20260926,20260926,1,BMW 3-serie 2017 (exempeldata),,,Svart,,,,108764,123000,123000,136936,121718,154056,10.18,1.17,hedonic-model,high,21,0,4,,,,sample
158,sample,sample-00157,https://www.blocket.se/annons/sample-00157,83,7,1,23,20260905,20260926,20260926,1,Skoda Octavia 2019 (exempeldata),,,Grå,,,,127430,104000,104000,105220,96304,114962,1.16,0.17,hedonic-model,high,19,0,21,,,,sample
159,sample,sample-00158,https://www.blocket.se/annons/sample-00158,95,5,2,7,20260907,20260926,20260926,1,Volkswagen Golf 2018 (exempeldata),,,Röd,,,,109203,80000,80000,88569,77578,101117,9.67,0.98,hedonic-model,high,18,0,19,,,,sample
160,sample,sample-00159,https://www.blocket.se/annons/sample-00159,16,1,2,16,20260921,20260926,20260926,1,BMW 3-serie 2015 (exempeldata),,,Grå,,,,192152,92000,92000,88031,78248,99037,-4.51,-0.48,hedonic-model,high,21,0,5,,,,sample
161,sample,sample-00160,https://www.blocket.se/annons/sample-00160,96,9,2,16,20260914,20260926,20260926,1,BMW 3-serie 2013 (exempeldata),,,Vit,,,,186804,73000,73000,74387,66120,83687,1.86,0.2,hedonic-model,high,21,0,12,,,,sample
162,sample,sample-00161,https://www.blocket.se/annons/sample-00161,97,1,2,7,20260823,20260926,20260926,1,Volkswagen Golf 2014 (exempeldata),,,Röd,,,,189583,45000,45000,42798,37487,48861,-5.15,-0.49,hedonic-model,high,18,0,34,,,,sample
163,sample,sample-00162,https://www.blocket.se/annons/sample-00162,98,7,2,16,20260829,20260926,20260926,1,BMW 3-serie 2022 (exempeldata),,,Blå,,,,73219,240000,240000,247473,219971,278413,3.02,0.33,hedonic-model,high,21,0,28,,,,sample
164,sample,sample-00163,https://www.blocket.se/annons/sample-00163,78,9,2,16,20260912,20260926,20260926,1,BMW 3-serie 2016 (exempeldata),,,Silver,,,,164264,113000,113000,107515,95567,120957,-5.1,-0.54,hedonic-model,high,21,0,14,,,,sample
165,sample,sample-00164,https://www.blocket.se/annons/sample-00164,99,6,2,20,20260902,20260926,20260926,1,Kia Ceed 2016 (exempeldata),,,Vit,,,,117284,57000,57000,52312,46776,58505,-8.96,-0.98,hedonic-model,high,27,0,24,,,,sample
166,sample,sample-00165,https://www.blocket.se/annons/sample-00165,100,9,2,11,20260903,20260926,20260926,1,Volkswagen Passat 2022 (exempeldata),,,Röd,,,,95799,171000,171000,172042,153379,192976,0.61,0.07,hedonic-model,high,17,0,23,,,,sample
167,sample,sample-00166,https://www.blocket.se/annons/sample-00166,93,7,2,23,20260830,20260926,20260926,1,Skoda Octavia 2014 (exempeldata),,,Vit,,,,172582,57000,57000,55224,50545,60337,-3.22,-0.46,hedonic-model,high,19,0,27,,,,sample
168,sample,sample-00167,https://www.blocket.se/annons/sample-00167,101,3,2,20,20260825,20260926,20260926,1,Kia Ceed 2018 (exempeldata),,,Vit,,,,153122,65000,65000,64108,57323,71697,-1.39,-0.16,hedonic-model,high,27,0,32,,,,sample
169,sample,sample-00168,https://www.blocket.se/annons/sample-00168,81,4,1,19,20260917,20260926,20260926,1,Toyota Corolla 2019 (exempeldata),,,Svart,,,,101619,142000,142000,126924,107490,149872,-11.88,-0.87,hedonic-model,high,15,0,9,,,,sample
170,sample,sample-00169,https://www.blocket.se/annons/sample-00169,7,9,2,14,20260818,20260926,20260926,1,Audi A4 2020 (exempeldata),,,Svart,,,,93383,157000,157000,174634,153609,198536,10.1,1.06,hedonic-model,high,16,0,39,,,,sample
171,sample,sample-00170,https://www.blocket.se/annons/sample-00170,82,3,2,1,20260919,20260926,20260926,1,Volvo V60 2017 (exempeldata),,,Vit,,,,137437,126000,126000,115236,101993,130198,-9.34,-0.94,hedonic-model,high,18,0,7,,,,sample
172,sample,sample-00171,https://www.blocket.se/annons/sample-00171,102,9,2,14,20260922,20260926,20260926,1,Audi A4 2014 (exempeldata),,,Blå,,,,191118,71000,71000,68127,59925,77451,-4.22,-0.41,hedonic-model,high,16,0,4,,,,sample
173,sample,sample-00172,https://www.blocket.se/annons/sample-00172,51,4,2,26,20260911,20260926,20260926,1,Tesla Model 3 2021 (exempeldata),,,Vit,,,,98944,190000,190000,227302,205281,251684,16.41,2.25,hedonic-model,high,23,0,15,,,,sample
174,sample,sample-00173,https://www.blocket.se/annons/sample-00173,103,1,1,4,20260825,20260926,20260926,1,Volvo XC60 2021 (exempeldata),,,Blå,,,,77481,240000,240000,276577,235875,324301,13.22,1.14,hedonic-model,high,16,0,32,,,,sample
175,sample,sample-00174,https://www.blocket.se/annons/sample-00174,104,4,1,20,20260911,20260926,20260926,1,Kia Ceed 2013 (exempeldata),,,Grå,,,,157931,29000,29000,29545,26418,33042,1.84,0.21,hedonic-model,high,27,0,15,,,,sample
176,sample,sample-00175,https://www.blocket.se/annons/sample-00175,16,7,2,16,20260814,20260926,20260926,1,BMW 3-serie 2015 (exempeldata),,,Röd,,,,122594,105000,105000,105387,93676,118564,0.37,0.04,hedonic-model,high,21,0,43,,,,sample
177,sample,sample-00176,https://www.blocket.se/annons/sample-00176,105,6,2,20,20260914,20260926,20260926,1,Kia Ceed 2015 (exempeldata),,,Vit,,,,167721,43000,43000,40733,36422,45554,-5.57,-0.62,hedonic-model,high,27,0,12,,,,sample
178,sample,sample-00177,https://www.blocket.se/annons/sample-00177,90,1,2,1,20260827,20260926,20260926,1,Volvo V60 2018 (exempeldata),,,Svart,,,,113311,147000,147000,140603,124445,158860,-4.55,-0.47,hedonic-model,high,18,0,30,,,,sample
179,sample,sample-00178,https://www.blocket.se/annons/sample-00178,50,5,2,11,20260903,20260926,20260926,1,Volkswagen Passat 2017 (exempeldata),,,Blå,,,,113301,103000,103000,90177,80394,101149,-14.22,-1.48,hedonic-model,high,17,0,23,,,,sample
180,sample,sample-00179,https://www.blocket.se/annons/sample-00179,106,9,1,20,20260903,20260926,20260926,1,Kia Ceed 2019 (exempeldata),,,Svart,,,,132268,73000,73000,73355,65591,82038,0.48,0.06,hedonic-model,high,27,0,23,,,,sample
181,sample,sample-00180,https://www.blocket.se/annons/sample-00180,23,5,2,19,20260921,20260926,20260926,1,Toyota Corolla 2019 (exempeldata),,,Röd,,,,45875,155000,155000,144393,122284,170499,-7.35,-0.55,hedonic-model,low,15,0,5,,,,sample
182,sample,sample-00181,https://www.blocket.se/annons/sample-00181,107,7,2,14,20260813,20260926,20260926,1,Audi A4 2017 (exempeldata),,,Silver,,,,162546,108000,108000,102516,90174,116548,-5.35,-0.52,hedonic-model,high,16,0,44,,,,sample
183,sample,sample-00182,https://www.blocket.se/annons/sample-00182,74,2,2,20,20260922,20260926,20260926,1,Kia Ceed 2013 (exempeldata),,,Silver,,,,188604,31000,31000,29974,26802,33522,-3.42,-0.39,hedonic-model,high,27,0,4,,,,sample
184,sample,sample-00183,https://www.blocket.se/annons/sample-00183,68,9,2,23,20260924,20260926,20260926,1,Skoda Octavia 2015 (exempeldata),,,Svart,,,,121412,67000,67000,68875,63039,75252,2.72,0.4,hedonic-model,high,19,0,2,,,,sample
185,sample,sample-00184,https://www.blocket.se/annons/sample-00184,4,4,1,11,20260903,20260926,20260926,1,Volkswagen Passat 2018 (exempeldata),,,Svart,,,,88344,95000,95000,118397,105553,132803,19.76,2.46,hedonic-model,high,17,0,23,,,,sample
186,sample,sample-00185,https://www.blocket.se/annons/sample-00185,11,6,2,26,20260911,20260926,20260926,1,Tesla Model 3 2019 (exempeldata),,,Svart,,,,142229,162000,162000,159074,143664,176138,-1.84,-0.23,hedonic-model,high,23,0,15,,,,sample
187,sample,sample-00186,https://www.blocket.se/annons/sample-00186,69,9,2,7,20260913,20260926,20260926,1,Volkswagen Golf 2020 (exempeldata),,,Röd,,,,46020,129000,129000,133292,116751,152176,3.22,0.32,hedonic-model,low,18,0,13,,,,sample
188,sample,sample-00187,https://www.blocket.se/annons/sample-00187,99,9,1,20,20260915,20260926,20260926,1,Kia Ceed 2016 (exempeldata),,,Svart,,,,145075,48000,48000,49965,44677,55880,3.93,0.46,hedonic-model,high,27,0,11,,,,sample
189,sample,sample-00188,https://www.blocket.se/annons/sample-00188,108,7,2,16,20260812,20260926,20260926,1,BMW 3-serie 2018 (exempeldata),,,Silver,,,,113643,148000,148000,150073,133395,168836,1.38,0.15,hedonic-model,high,21,0,45,,,,sample
190,sample,sample-00189,https://www.blocket.se/annons/sample-00189,109,7,2,23,20260911,20260926,20260926,1,Skoda Octavia 2016 (exempeldata),,,Svart,,,,125537,77000,77000,76958,70437,84083,-0.05,-0.01,hedonic-model,high,19,0,15,,,,sample
191,sample,sample-00190,https://www.blocket.se/annons/sample-00190,71,5,1,16,20260907,20260926,20260926,1,BMW 3-serie 2021 (exempeldata),,,Röd,,,,54825,224000,224000,240559,213825,270635,6.88,0.78,hedonic-model,high,21,0,19,,,,sample
192,sample,sample-00191,https://www.blocket.se/annons/sample-00191,110,5,1,20,20260918,20260926,20260926,1,Kia Ceed 2021 (exempeldata),,,Röd,,,,65151,114000,114000,108451,96972,121288,-5.12,-0.57,hedonic-model,high,27,0,8,,,,sample
193,sample,sample-00192,https://www.blocket.se/annons/sample-00192,52,1,2,4,20260817,20260926,20260926,1,Volvo XC60 2020 (exempeldata),,,Vit,,,,66413,247000,247000,258615,220557,303240,4.49,0.37,hedonic-model,high,16,0,40,,,,sample
194,sample,sample-00193,https://www.blocket.se/annons/sample-00193,25,7,2,19,20260907,20260926,20260926,1,Toyota Corolla 2021 (exempeldata),,,Vit,,,,80142,139000,139000,162516,137632,191899,14.47,1.21,hedonic-model,high,15,0,19,,,,sample
195,sample,sample-00194,https://www.blocket.se/annons/sample-00194,111,6,2,16,20260914,20260926,20260926,1,BMW 3-serie 2016 (exempeldata),,,Vit,,,,123009,127000,127000,116873,103885,131485,-8.67,-0.9,hedonic-model,high,21,0,12,,,,sample
196,sample,sample-00195,https://www.blocket.se/annons/sample-00195,112,7,2,14,20260820,20260926,20260926,1,Audi A4 2022 (exempeldata),,,Vit,,,,99171,211000,211000,184563,162343,209825,-14.32,-1.34,hedonic-model,high,16,0,37,,,,sample
197,sample,sample-00196,https://www.blocket.se/annons/sample-00196,22,5,2,26,20260924,20260926,20260926,1,Tesla Model 3 2022 (exempeldata),,,Röd,,,,36251,300000,300000,317655,286882,351730,5.56,0.72,hedonic-model,high,23,0,2,,,,sample
198,sample,sample-00197,https://www.blocket.se/annons/sample-00197,113,9,2,11,20260817,20260926,20260926,1,Volkswagen Passat 2022 (exempeldata),,,Röd,,,,98689,175000,175000,171808,153170,192713,-1.86,-0.21,hedonic-model,high,17,0,40,,,,sample
199,sample,sample-00198,https://www.blocket.se/annons/sample-00198,114,2,2,14,20260916,20260926,20260926,1,Audi A4 2020 (exempeldata),,,Blå,,,,91167,176000,176000,171726,151051,195230,-2.49,-0.25,hedonic-model,high,16,0,10,,,,sample
200,sample,sample-00199,https://www.blocket.se/annons/sample-00199,46,4,2,20,20260812,20260926,20260926,1,Kia Ceed 2020 (exempeldata),,,Röd,,,,126278,82000,82000,85508,76458,95629,4.1,0.48,hedonic-model,high,27,0,45,,,,sample
