listing_id,source,ad_id,url,is_active,brand,model,model_year,fuel_type,gearbox,city,county,seller_type,dealer_name,published_date,first_seen_date,last_seen_date,title,model_spec,regnr,color,mileage_km,price_sek,first_price_sek,price_change_sek,market_value_sek,value_low_sek,value_high_sek,discount_pct,deal_z,value_method,value_confidence,value_n,damage_flag,days_on_market,body_type,drivetrain,power_hp,fuel_l_per_100km,energy_kwh_per_100km,annual_tax_sek,reliability,spec_id,lat,lon,image_url
1,sample,sample-00000,https://www.blocket.se/annons/sample-00000,1,Volvo,XC60,2013,unknown,Automat,Umeå,Västerbottens län,dealer,Exempelbilar AB,2026-09-21,2026-09-26,2026-09-26,Volvo XC60 2013 (exempeldata),,,Svart,194204,89000,89000,0,99504,84861,116674,10.56,0.9,hedonic-model,high,16,0,5,SUV,AWD,190,5.6,,4800,3,4,,,
2,sample,sample-00001,https://www.blocket.se/annons/sample-00001,1,Volvo,V60,2014,unknown,Manuell,Stockholm,Stockholms län,private,,2026-08-22,2026-09-26,2026-09-26,Volvo V60 2014 (exempeldata),,,Röd,165030,83000,83000,0,75205,66563,84970,-10.36,-1.04,hedonic-model,high,18,0,35,Kombi,FWD,150,4.5,,2400,4,1,,,
3,sample,sample-00002,https://www.blocket.se/annons/sample-00002,1,Skoda,Octavia,2019,unknown,Automat,Västerås,Västmanlands län,dealer,Exempelbilar AB,2026-09-05,2026-09-26,2026-09-26,Skoda Octavia 2019 (exempeldata),,,Vit,109926,102000,102000,0,112495,102962,122910,9.33,1.42,hedonic-model,high,19,0,21,Kombi,FWD,150,5.4,,1600,3,23,,,
4,sample,sample-00003,https://www.blocket.se/annons/sample-00003,1,Volkswagen,Passat,2018,unknown,Automat,Norrköping,Östergötlands län,private,,2026-09-04,2026-09-26,2026-09-26,Volkswagen Passat 2018 (exempeldata),,,Svart,146221,96000,96000,0,99522,88726,111632,3.54,0.4,hedonic-model,high,17,0,22,Kombi,FWD,150,4.6,,3200,3,11,,,
5,sample,sample-00004,https://www.blocket.se/annons/sample-00004,1,Kia,Ceed,2021,unknown,Manuell,Norrköping,Östergötlands län,private,,2026-08-21,2026-09-26,2026-09-26,Kia Ceed 2021 (exempeldata),,,Röd,107002,97000,97000,0,95048,84988,106299,-2.05,-0.23,hedonic-model,high,27,0,36,Halvkombi,FWD,120,5.8,,1500,4,20,,,
6,sample,sample-00005,https://www.blocket.se/annons/sample-00005,1,Volvo,XC60,2013,unknown,Manuell,Göteborg,Västra Götalands län,private,,2026-09-12,2026-09-26,2026-09-26,Volvo XC60 2013 (exempeldata),,,Blå,226932,98000,98000,0,82710,70539,96982,-18.49,-1.37,hedonic-model,high,16,0,14,SUV,AWD,190,5.6,,4800,3,4,,,
7,sample,sample-00006,https://www.blocket.se/annons/sample-00006,1,Audi,A4,2020,unknown,Manuell,Uppsala,Uppsala län,private,,2026-08-13,2026-09-26,2026-09-26,Audi A4 2020 (exempeldata),,,Grå,77460,183000,183000,0,179506,157895,204076,-1.95,-0.19,hedonic-model,high,16,0,44,Kombi,FWD,190,6.4,,1700,3,14,,,
8,sample,sample-00007,https://www.blocket.se/annons/sample-00007,1,Volkswagen,Golf,2021,unknown,Automat,Umeå,Västerbottens län,private,,2026-09-12,2026-09-26,2026-09-26,Volkswagen Golf 2021 (exempeldata),,,Svart,60652,123000,123000,0,148143,129759,169131,16.97,1.8,hedonic-model,high,18,0,14,Halvkombi,FWD,125,5.2,,1500,3,7,,,
9,sample,sample-00008,https://www.blocket.se/annons/sample-00008,1,Volkswagen,Passat,2013,unknown,Automat,Norrköping,Östergötlands län,dealer,Exempelbilar AB,2026-09-13,2026-09-26,2026-09-26,Volkswagen Passat 2013 (exempeldata),,,Blå,201866,48000,48000,0,44500,39672,49914,-7.87,-0.85,hedonic-model,high,17,0,13,Kombi,FWD,150,4.6,,3200,3,11,,,
10,sample,sample-00009,https://www.blocket.se/annons/sample-00009,1,Kia,Ceed,2015,unknown,Automat,Umeå,Västerbottens län,private,,2026-08-23,2026-09-26,2026-09-26,Kia Ceed 2015 (exempeldata),,,Röd,145945,43000,43000,0,43375,38785,48510,0.87,0.1,hedonic-model,high,27,0,34,Halvkombi,FWD,120,5.8,,1500,4,20,,,
11,sample,sample-00010,https://www.blocket.se/annons/sample-00010,1,Tesla,Model 3,2019,unknown,Manuell,Umeå,Västerbottens län,private,,2026-08-26,2026-09-26,2026-09-26,Tesla Model 3 2019 (exempeldata),,,Svart,121174,167000,167000,0,169249,152853,187404,1.33,0.17,hedonic-model,high,23,0,31,Sedan,RWD,283,,15.0,360,4,26,,,
12,sample,sample-00011,https://www.blocket.se/annons/sample-00011,1,Volvo,XC60,2015,unknown,Manuell,Västerås,Västmanlands län,private,,2026-08-19,2026-09-26,2026-09-26,Volvo XC60 2015 (exempeldata),,,Blå,152906,141000,141000,0,119388,101818,139989,-18.1,-1.34,hedonic-model,high,16,0,38,SUV,AWD,190,5.6,,4800,3,4,,,
13,sample,sample-00012,https://www.blocket.se/annons/sample-00012,1,Toyota,Corolla,2022,unknown,Manuell,Stockholm,Stockholms län,private,,2026-08-14,2026-09-26,2026-09-26,Toyota Corolla 2022 (exempeldata),,,Röd,84538,180000,180000,0,161585,136844,190800,-11.4,-0.83,hedonic-model,high,15,0,43,Halvkombi,FWD,122,4.4,,700,5,19,,,
14,sample,sample-00013,https://www.blocket.se/annons/sample-00013,1,Skoda,Octavia,2017,unknown,Manuell,Uppsala,Uppsala län,private,,2026-08-30,2026-09-26,2026-09-26,Skoda Octavia 2017 (exempeldata),,,Blå,134401,89000,89000,0,85532,78284,93451,-4.05,-0.58,hedonic-model,high,19,0,27,Kombi,FWD,150,5.4,,1600,3,23,,,
15,sample,sample-00014,https://www.blocket.se/annons/sample-00014,1,Volvo,V60,2017,unknown,Manuell,Umeå,Västerbottens län,private,,2026-08-19,2026-09-26,2026-09-26,Volvo V60 2017 (exempeldata),,,Vit,168358,94000,94000,0,106379,94154,120192,11.64,1.3,hedonic-model,high,18,0,38,Kombi,FWD,150,4.5,,2400,4,1,,,
16,sample,sample-00015,https://www.blocket.se/annons/sample-00015,1,BMW,3-serie,2015,unknown,Automat,Umeå,Västerbottens län,dealer,Exempelbilar AB,2026-09-26,2026-09-26,2026-09-26,BMW 3-serie 2015 (exempeldata),,,Blå,159045,100000,100000,0,94872,84329,106734,-5.4,-0.57,hedonic-model,high,21,0,0,Sedan,RWD,184,4.5,,3000,3,16,,,
17,sample,sample-00016,https://www.blocket.se/annons/sample-00016,1,Volvo,V60,2014,unknown,Manuell,Stockholm,Stockholms län,private,,2026-09-11,2026-09-26,2026-09-26,Volvo V60 2014 (exempeldata),,,Svart,217072,76000,76000,0,68203,60365,77059,-11.43,-1.14,hedonic-model,high,18,0,15,Kombi,FWD,150,4.5,,2400,4,1,,,
18,sample,sample-00017,https://www.blocket.se/annons/sample-00017,1,Kia,Ceed,2014,unknown,Automat,Malmö,Skåne län,private,,2026-09-18,2026-09-26,2026-09-26,Kia Ceed 2014 (exempeldata),,,Grå,162297,40000,40000,0,35474,31719,39673,-12.76,-1.38,hedonic-model,high,27,0,8,Halvkombi,FWD,120,5.8,,1500,4,20,,,
19,sample,sample-00018,https://www.blocket.se/annons/sample-00018,1,Volkswagen,Golf,2017,unknown,Automat,Linköping,Östergötlands län,private,,2026-08-12,2026-09-26,2026-09-26,Volkswagen Golf 2017 (exempeldata),,,Blå,108092,85000,85000,0,73268,64176,83648,-16.01,-1.44,hedonic-model,high,18,0,45,Halvkombi,FWD,125,5.2,,1500,3,7,,,
20,sample,sample-00019,https://www.blocket.se/annons/sample-00019,1,BMW,3-serie,2020,unknown,Manuell,Linköping,Östergötlands län,dealer,Exempelbilar AB,2026-09-12,2026-09-26,2026-09-26,BMW 3-serie 2020 (exempeldata),,,Silver,85273,208000,208000,0,195273,173572,219687,-6.52,-0.69,hedonic-model,high,21,0,14,Sedan,RWD,184,4.5,,3000,3,16,,,
21,sample,sample-00020,https://www.blocket.se/annons/sample-00020,1,Volvo,V60,2022,unknown,Manuell,Stockholm,Stockholms län,private,,2026-09-12,2026-09-26,2026-09-26,Volvo V60 2022 (exempeldata),,,Svart,34864,234000,234000,0,258627,228905,292208,9.52,1.05,hedonic-model,high,18,0,14,Kombi,FWD,150,4.5,,2400,4,1,,,
22,sample,sample-00021,https://www.blocket.se/annons/sample-00021,1,BMW,3-serie,2014,unknown,Manuell,Örebro,Örebro län,private,,2026-09-13,2026-09-26,2026-09-26,BMW 3-serie 2014 (exempeldata),,,Röd,171142,87000,87000,0,84471,75083,95032,-2.99,-0.32,hedonic-model,high,21,0,13,Sedan,RWD,184,4.5,,3000,3,16,,,
23,sample,sample-00022,https://www.blocket.se/annons/sample-00022,1,Tesla,Model 3,2022,unknown,Automat,Göteborg,Västra Götalands län,private,,2026-08-15,2026-09-26,2026-09-26,Tesla Model 3 2022 (exempeldata),,,Silver,25468,337000,337000,0,324089,292692,358853,-3.98,-0.49,hedonic-model,high,23,0,42,Sedan,RWD,283,,15.0,360,4,26,,,
24,sample,sample-00023,https://www.blocket.se/annons/sample-00023,1,Toyota,Corolla,2019,unknown,Automat,Göteborg,Västra Götalands län,private,,2026-09-23,2026-09-26,2026-09-26,Toyota Corolla 2019 (exempeldata),,,Röd,110988,132000,132000,0,128396,108736,151610,-2.81,-0.21,hedonic-model,high,15,0,3,Halvkombi,FWD,122,4.4,,700,5,19,,,
25,sample,sample-00024,https://www.blocket.se/annons/sample-00024,1,BMW,3-serie,2014,unknown,Manuell,Uppsala,Uppsala län,private,,2026-08-28,2026-09-26,2026-09-26,BMW 3-serie 2014 (exempeldata),,,Svart,180109,85000,85000,0,83041,73812,93423,-2.36,-0.25,hedonic-model,high,21,0,29,Sedan,RWD,184,4.5,,3000,3,16,,,
26,sample,sample-00025,https://www.blocket.se/annons/sample-00025,1,Kia,Ceed,2021,unknown,Manuell,Umeå,Västerbottens län,private,,2026-09-26,2026-09-26,2026-09-26,Kia Ceed 2021 (exempeldata),,,Vit,87991,103000,103000,0,101979,91186,114050,-1.0,-0.11,hedonic-model,high,27,0,0,Halvkombi,FWD,120,5.8,,1500,4,20,,,
27,sample,sample-00026,https://www.blocket.se/annons/sample-00026,1,Volkswagen,Golf,2019,unknown,Automat,Västerås,Västmanlands län,private,,2026-09-10,2026-09-26,2026-09-26,Volkswagen Golf 2019 (exempeldata),,,Silver,91186,88000,88000,0,105805,92676,120795,16.83,1.78,hedonic-model,high,18,0,16,Halvkombi,FWD,125,5.2,,1500,3,7,,,
28,sample,sample-00027,https://www.blocket.se/annons/sample-00027,1,Toyota,Corolla,2021,unknown,Manuell,Linköping,Östergötlands län,dealer,Exempelbilar AB,2026-09-08,2026-09-26,2026-09-26,Toyota Corolla 2021 (exempeldata),,,Svart,76249,168000,168000,0,153548,130037,181309,-9.41,-0.69,hedonic-model,high,15,0,18,Halvkombi,FWD,122,4.4,,700,5,19,,,
29,sample,sample-00028,https://www.blocket.se/annons/sample-00028,1,Tesla,Model 3,2021,unknown,Manuell,Umeå,Västerbottens län,dealer,Exempelbilar AB,2026-09-16,2026-09-26,2026-09-26,Tesla Model 3 2021 (exempeldata),,,Grå,91093,226000,226000,0,227522,205481,251928,0.67,0.08,hedonic-model,high,23,0,10,Sedan,RWD,283,,15.0,360,4,26,,,
30,sample,sample-00029,https://www.blocket.se/annons/sample-00029,1,Volvo,XC60,2015,unknown,Manuell,Västerås,Västmanlands län,private,,2026-09-19,2026-09-26,2026-09-26,Volvo XC60 2015 (exempeldata),,,Grå,171484,111000,111000,0,120800,103023,141645,8.11,0.68,hedonic-model,high,16,0,7,SUV,AWD,190,5.6,,4800,3,4,,,
31,sample,sample-00030,https://www.blocket.se/annons/sample-00030,1,Tesla,Model 3,2019,unknown,Automat,Uppsala,Uppsala län,private,,2026-09-13,2026-09-26,2026-09-26,Tesla Model 3 2019 (exempeldata),,,Vit,89745,191000,191000,0,177363,160181,196389,-7.69,-0.93,hedonic-model,high,23,0,13,Sedan,RWD,283,,15.0,360,4,26,,,
32,sample,sample-00031,https://www.blocket.se/annons/sample-00031,1,Audi,A4,2019,unknown,Manuell,Örebro,Örebro län,dealer,Exempelbilar AB,2026-09-06,2026-09-26,2026-09-26,Audi A4 2019 (exempeldata),,,Svart,90786,156000,156000,0,161754,142280,183893,3.56,0.36,hedonic-model,high,16,0,20,Kombi,FWD,190,6.4,,1700,3,14,,,
33,sample,sample-00032,https://www.blocket.se/annons/sample-00032,1,Kia,Ceed,2022,unknown,Automat,Uppsala,Uppsala län,private,,2026-09-18,2026-09-26,2026-09-26,Kia Ceed 2022 (exempeldata),,,Svart,126605,102000,102000,0,106133,94900,118695,3.89,0.46,hedonic-model,low,27,0,8,Halvkombi,FWD,120,5.8,,1500,4,20,,,
34,sample,sample-00033,https://www.blocket.se/annons/sample-00033,1,Volkswagen,Passat,2018,unknown,Automat,Umeå,Västerbottens län,private,,2026-08-12,2026-09-26,2026-09-26,Volkswagen Passat 2018 (exempeldata),,,Grå,119353,106000,106000,0,102414,91304,114876,-3.5,-0.38,hedonic-model,high,17,0,45,Kombi,FWD,150,4.6,,3200,3,11,,,
35,sample,sample-00034,https://www.blocket.se/annons/sample-00034,1,Skoda,Octavia,2013,unknown,Manuell,Uppsala,Uppsala län,dealer,Exempelbilar AB,2026-09-19,2026-09-26,2026-09-26,Skoda Octavia 2013 (exempeldata),,,Röd,182447,48000,48000,0,47241,43238,51615,-1.61,-0.23,hedonic-model,high,19,0,7,Kombi,FWD,150,5.4,,1600,3,23,,,
36,sample,sample-00035,https://www.blocket.se/annons/sample-00035,1,Skoda,Octavia,2015,unknown,Automat,Norrköping,Östergötlands län,private,,2026-09-13,2026-09-26,2026-09-26,Skoda Octavia 2015 (exempeldata),,,Grå,142876,68000,68000,0,64697,59214,70687,-5.11,-0.72,hedonic-model,high,19,0,13,Kombi,FWD,150,5.4,,1600,3,23,,,
37,sample,sample-00036,https://www.blocket.se/annons/sample-00036,1,Kia,Ceed,2017,unknown,Manuell,Uppsala,Uppsala län,private,,2026-09-24,2026-09-26,2026-09-26,Kia Ceed 2017 (exempeldata),,,Silver,167048,51000,51000,0,54289,48543,60715,6.06,0.72,hedonic-model,high,27,0,2,Halvkombi,FWD,120,5.8,,1500,4,20,,,
38,sample,sample-00037,https://www.blocket.se/annons/sample-00037,1,Volkswagen,Golf,2017,unknown,Manuell,Västerås,Västmanlands län,private,,2026-08-22,2026-09-26,2026-09-26,Volkswagen Golf 2017 (exempeldata),,,Svart,113318,77000,77000,0,76055,66617,86830,-1.24,-0.12,hedonic-model,high,18,0,35,Halvkombi,FWD,125,5.2,,1500,3,7,,,
39,sample,sample-00038,https://www.blocket.se/annons/sample-00038,1,Volvo,XC60,2015,unknown,Manuell,Uppsala,Uppsala län,private,,2026-09-03,2026-09-26,2026-09-26,Volvo XC60 2015 (exempeldata),,,Silver,128605,122000,122000,0,133311,113693,156315,8.48,0.71,hedonic-model,high,16,0,23,SUV,AWD,190,5.6,,4800,3,4,,,
40,sample,sample-00039,https://www.blocket.se/annons/sample-00039,1,Volkswagen,Passat,2016,unknown,Manuell,Umeå,Västerbottens län,dealer,Exempelbilar AB,2026-08-31,2026-09-26,2026-09-26,Volkswagen Passat 2016 (exempeldata),,,Vit,139279,84000,84000,0,75875,67644,85108,-10.71,-1.14,hedonic-model,high,17,0,26,Kombi,FWD,150,4.6,,3200,3,11,,,
41,sample,sample-00040,https://www.blocket.se/annons/sample-00040,1,Volkswagen,Golf,2015,unknown,Manuell,Västerås,Västmanlands län,private,,2026-08-15,2026-09-26,2026-09-26,Volkswagen Golf 2015 (exempeldata),,,Silver,168293,56000,56000,0,52128,45660,59514,-7.43,-0.69,hedonic-model,high,18,0,42,Halvkombi,FWD,125,5.2,,1500,3,7,,,
42,sample,sample-00041,https://www.blocket.se/annons/sample-00041,1,Volkswagen,Golf,2014,unknown,Automat,Linköping,Östergötlands län,private,,2026-08-28,2026-09-26,2026-09-26,Volkswagen Golf 2014 (exempeldata),,,Silver,176961,40000,40000,0,44518,38994,50825,10.15,1.04,hedonic-model,high,18,0,29,Halvkombi,FWD,125,5.2,,1500,3,7,,,
43,sample,sample-00042,https://www.blocket.se/annons/sample-00042,1,Volkswagen,Passat,2016,unknown,Automat,Uppsala,Uppsala län,private,,2026-09-04,2026-09-26,2026-09-26,Volkswagen Passat 2016 (exempeldata),,,Röd,162957,76000,76000,0,75174,67019,84321,-1.1,-0.12,hedonic-model,high,17,0,22,Kombi,FWD,150,4.6,,3200,3,11,,,
44,sample,sample-00043,https://www.blocket.se/annons/sample-00043,1,Skoda,Octavia,2018,unknown,Automat,Malmö,Skåne län,private,,2026-08-20,2026-09-26,2026-09-26,Skoda Octavia 2018 (exempeldata),,,Svart,121941,92000,92000,0,97619,89347,106657,5.76,0.86,hedonic-model,high,19,0,37,Kombi,FWD,150,5.4,,1600,3,23,,,
45,sample,sample-00044,https://www.blocket.se/annons/sample-00044,1,Volvo,XC60,2022,unknown,Automat,Umeå,Västerbottens län,private,,2026-09-19,2026-09-26,2026-09-26,Volvo XC60 2022 (exempeldata),,,Grå,30393,324000,324000,0,380807,324767,446517,14.92,1.3,hedonic-model,high,16,0,7,SUV,AWD,190,5.6,,4800,3,4,,,
46,sample,sample-00045,https://www.blocket.se/annons/sample-00045,1,Volkswagen,Passat,2017,unknown,Manuell,Umeå,Västerbottens län,private,,2026-08-23,2026-09-26,2026-09-26,Volkswagen Passat 2017 (exempeldata),,,Silver,147908,85000,85000,0,88488,78889,99255,3.94,0.45,hedonic-model,high,17,0,34,Kombi,FWD,150,4.6,,3200,3,11,,,
47,sample,sample-00046,https://www.blocket.se/annons/sample-00046,1,Toyota,Corolla,2019,unknown,Automat,Göteborg,Västra Götalands län,dealer,Exempelbilar AB,2026-09-07,2026-09-26,2026-09-26,Toyota Corolla 2019 (exempeldata),,,Röd,147733,120000,120000,0,114239,96747,134893,-5.04,-0.38,hedonic-model,low,15,0,19,Halvkombi,FWD,122,4.4,,700,5,19,,,
48,sample,sample-00047,https://www.blocket.se/annons/sample-00047,1,Toyota,Corolla,2019,unknown,Automat,Malmö,Skåne län,private,,2026-09-14,2026-09-26,2026-09-26,Toyota Corolla 2019 (exempeldata),,,Röd,90780,139000,139000,0,135480,114735,159974,-2.6,-0.2,hedonic-model,high,15,0,12,Halvkombi,FWD,122,4.4,,700,5,19,,,
49,sample,sample-00048,https://www.blocket.se/annons/sample-00048,1,Toyota,Corolla,2019,unknown,Automat,Västerås,Västmanlands län,private,,2026-08-20,2026-09-26,2026-09-26,Toyota Corolla 2019 (exempeldata),,,Blå,92341,116000,116000,0,140759,119207,166209,17.59,1.49,hedonic-model,high,15,0,37,Halvkombi,FWD,122,4.4,,700,5,19,,,
50,sample,sample-00049,https://www.blocket.se/annons/sample-00049,1,Kia,Ceed,2020,unknown,Manuell,Malmö,Skåne län,dealer,Exempelbilar AB,2026-08-15,2026-09-26,2026-09-26,Kia Ceed 2020 (exempeldata),,,Silver,78766,100000,100000,0,91528,81841,102362,-9.26,-1.01,hedonic-model,high,27,0,42,Halvkombi,FWD,120,5.8,,1500,4,20,,,
51,sample,sample-00050,https://www.blocket.se/annons/sample-00050,1,Skoda,Octavia,2022,unknown,Manuell,Linköping,Östergötlands län,private,,2026-09-14,2026-09-26,2026-09-26,Skoda Octavia 2022 (exempeldata),,,Svart,41156,188000,188000,0,190625,174471,208274,1.38,0.2,hedonic-model,high,19,0,12,Kombi,FWD,150,5.4,,1600,3,23,,,
52,sample,sample-00051,https://www.blocket.se/annons/sample-00051,1,Volvo,V60,2016,unknown,Automat,Göteborg,Västra Götalands län,private,,2026-08-28,2026-09-26,2026-09-26,Volvo V60 2016 (exempeldata),,,Röd,181777,102000,102000,0,96391,85314,108907,-5.82,-0.59,hedonic-model,high,18,0,29,Kombi,FWD,150,4.5,,2400,4,1,,,
53,sample,sample-00052,https://www.blocket.se/annons/sample-00052,1,Tesla,Model 3,2019,unknown,Manuell,Göteborg,Västra Götalands län,dealer,Exempelbilar AB,2026-08-30,2026-09-26,2026-09-26,Tesla Model 3 2019 (exempeldata),,,Vit,101110,157000,157000,0,181332,163765,200783,13.42,1.81,hedonic-model,high,23,0,27,Sedan,RWD,283,,15.0,360,4,26,,,
54,sample,sample-00053,https://www.blocket.se/annons/sample-00053,1,Skoda,Octavia,2020,unknown,Manuell,Göteborg,Västra Götalands län,private,,2026-08-28,2026-09-26,2026-09-26,Skoda Octavia 2020 (exempeldata),,,Blå,70701,132000,132000,0,141849,129829,154982,6.94,1.04,hedonic-model,high,19,0,29,Kombi,FWD,150,5.4,,1600,3,23,,,
55,sample,sample-00054,https://www.blocket.se/annons/sample-00054,1,Skoda,Octavia,2021,unknown,Automat,Umeå,Västerbottens län,private,,2026-08-30,2026-09-26,2026-09-26,Skoda Octavia 2021 (exempeldata),,,Vit,34583,177000,177000,0,175729,160838,191999,-0.72,-0.1,hedonic-model,high,19,0,27,Kombi,FWD,150,5.4,,1600,3,23,,,
56,sample,sample-00055,https://www.blocket.se/annons/sample-00055,1,Kia,Ceed,2020,unknown,Automat,Uppsala,Uppsala län,private,,2026-08-24,2026-09-26,2026-09-26,Kia Ceed 2020 (exempeldata),,,Röd,62364,100000,100000,0,105850,94647,118380,5.53,0.65,hedonic-model,high,27,0,33,Halvkombi,FWD,120,5.8,,1500,4,20,,,
57,sample,sample-00056,https://www.blocket.se/annons/sample-00056,1,Volkswagen,Passat,2017,unknown,Manuell,Umeå,Västerbottens län,dealer,Exempelbilar AB,2026-09-21,2026-09-26,2026-09-26,Volkswagen Passat 2017 (exempeldata),,,Vit,105605,99000,99000,0,93952,83760,105385,-5.37,-0.58,hedonic-model,high,17,0,5,Kombi,FWD,150,4.6,,3200,3,11,,,
58,sample,sample-00057,https://www.blocket.se/annons/sample-00057,1,Volkswagen,Passat,2019,unknown,Automat,Göteborg,Västra Götalands län,private,,2026-08-31,2026-09-26,2026-09-26,Volkswagen Passat 2019 (exempeldata),,,Silver,116665,124000,124000,0,119740,106751,134311,-3.56,-0.39,hedonic-model,high,17,0,26,Kombi,FWD,150,4.6,,3200,3,11,,,
59,sample,sample-00058,https://www.blocket.se/annons/sample-00058,1,Skoda,Octavia,2020,unknown,Automat,Stockholm,Stockholms län,private,,2026-08-21,2026-09-26,2026-09-26,Skoda Octavia 2020 (exempeldata),,,Blå,78247,134000,134000,0,133580,122261,145948,-0.31,-0.05,hedonic-model,high,19,0,36,Kombi,FWD,150,5.4,,1600,3,23,,,
60,sample,sample-00059,https://www.blocket.se/annons/sample-00059,1,Volvo,V60,2018,unknown,Manuell,Västerås,Västmanlands län,private,,2026-08-23,2026-09-26,2026-09-26,Volvo V60 2018 (exempeldata),,,Blå,126873,132000,132000,0,128844,114037,145573,-2.45,-0.25,hedonic-model,high,18,0,34,Kombi,FWD,150,4.5,,2400,4,1,,,
61,sample,sample-00060,https://www.blocket.se/annons/sample-00060,1,Volkswagen,Passat,2017,unknown,Automat,Västerås,Västmanlands län,private,,2026-09-16,2026-09-26,2026-09-26,Volkswagen Passat 2017 (exempeldata),,,Vit,130534,93000,93000,0,90985,81115,102056,-2.21,-0.24,hedonic-model,high,17,0,10,Kombi,FWD,150,4.6,,3200,3,11,,,
62,sample,sample-00061,https://www.blocket.se/annons/sample-00061,1,Tesla,Model 3,2021,unknown,Automat,Stockholm,Stockholms län,dealer,Exempelbilar AB,2026-09-21,2026-09-26,2026-09-26,Tesla Model 3 2021 (exempeldata),,,Vit,76904,235000,235000,0,234491,211774,259644,-0.22,-0.03,hedonic-model,high,23,0,5,Sedan,RWD,283,,15.0,360,4,26,,,
63,sample,sample-00062,https://www.blocket.se/annons/sample-00062,1,Kia,Ceed,2015,unknown,Automat,Västerås,Västmanlands län,private,,2026-09-09,2026-09-26,2026-09-26,Kia Ceed 2015 (exempeldata),,,Silver,183559,39000,39000,0,41826,37399,46777,6.76,0.8,hedonic-model,high,27,0,17,Halvkombi,FWD,120,5.8,,1500,4,20,,,
64,sample,sample-00063,https://www.blocket.se/annons/sample-00063,1,Volvo,XC60,2020,unknown,Manuell,Norrköping,Östergötlands län,private,,2026-09-12,2026-09-26,2026-09-26,Volvo XC60 2020 (exempeldata),,,Röd,96067,223000,223000,0,239250,204041,280533,6.79,0.57,hedonic-model,high,16,0,14,SUV,AWD,190,5.6,,4800,3,4,,,
65,sample,sample-00064,https://www.blocket.se/annons/sample-00064,1,Volvo,V60,2013,unknown,Manuell,Göteborg,Västra Götalands län,dealer,Exempelbilar AB,2026-08-21,2026-09-26,2026-09-26,Volvo V60 2013 (exempeldata),,,Blå,207674,54000,54000,0,62502,55320,70618,13.6,1.54,hedonic-model,high,18,0,36,Kombi,FWD,150,4.5,,2400,4,1,,,
66,sample,sample-00065,https://www.blocket.se/annons/sample-00065,1,Audi,A4,2018,unknown,Automat,Göteborg,Västra Götalands län,dealer,Exempelbilar AB,2026-09-16,2026-09-26,2026-09-26,Audi A4 2018 (exempeldata),,,Svart,115847,132000,132000,0,132259,116336,150361,0.2,0.02,hedonic-model,high,16,0,10,Kombi,FWD,190,6.4,,1700,3,14,,,
67,sample,sample-00066,https://www.blocket.se/annons/sample-00066,1,Tesla,Model 3,2019,unknown,Manuell,Linköping,Östergötlands län,dealer,Exempelbilar AB,2026-09-22,2026-09-26,2026-09-26,Tesla Model 3 2019 (exempeldata),,,Svart,128620,176000,176000,0,161081,145476,178360,-9.26,-1.11,hedonic-model,high,23,0,4,Sedan,RWD,283,,15.0,360,4,26,,,
68,sample,sample-00067,https://www.blocket.se/annons/sample-00067,1,Audi,A4,2022,unknown,Automat,Stockholm,Stockholms län,private,,2026-09-04,2026-09-26,2026-09-26,Audi A4 2022 (exempeldata),,,Röd,48682,252000,252000,0,249998,219900,284216,-0.8,-0.08,hedonic-model,high,16,0,22,Kombi,FWD,190,6.4,,1700,3,14,,,
69,sample,sample-00068,https://www.blocket.se/annons/sample-00068,1,BMW,3-serie,2014,unknown,Automat,Göteborg,Västra Götalands län,dealer,Exempelbilar AB,2026-08-30,2026-09-26,2026-09-26,BMW 3-serie 2014 (exempeldata),,,Röd,161739,93000,93000,0,80871,71884,90982,-15.0,-1.52,hedonic-model,high,21,0,27,Sedan,RWD,184,4.5,,3000,3,16,,,
70,sample,sample-00069,https://www.blocket.se/annons/sample-00069,1,Kia,Ceed,2015,unknown,Automat,Uppsala,Uppsala län,private,,2026-08-18,2026-09-26,2026-09-26,Kia Ceed 2015 (exempeldata),,,Blå,164315,42000,42000,0,42276,37801,47280,0.65,0.07,hedonic-model,high,27,0,39,Halvkombi,FWD,120,5.8,,1500,4,20,,,
71,sample,sample-00070,https://www.blocket.se/annons/sample-00070,1,Toyota,Corolla,2022,unknown,Automat,Linköping,Östergötlands län,dealer,Exempelbilar AB,2026-08-28,2026-09-26,2026-09-26,Toyota Corolla 2022 (exempeldata),,,Silver,55493,172000,172000,0,205295,173861,242413,16.22,1.36,hedonic-model,high,15,0,29,Halvkombi,FWD,122,4.4,,700,5,19,,,
72,sample,sample-00071,https://www.blocket.se/annons/sample-00071,1,Volvo,V60,2020,unknown,Automat,Linköping,Östergötlands län,private,,2026-09-04,2026-09-26,2026-09-26,Volvo V60 2020 (exempeldata),,,Silver,128814,164000,164000,0,165050,146082,186481,0.64,0.07,hedonic-model,high,18,0,22,Kombi,FWD,150,4.5,,2400,4,1,,,
73,sample,sample-00072,https://www.blocket.se/annons/sample-00072,1,Audi,A4,2022,unknown,Automat,Göteborg,Västra Götalands län,private,,2026-09-11,2026-09-26,2026-09-26,Audi A4 2022 (exempeldata),,,Blå,55143,227000,227000,0,251339,221079,285740,9.68,1.02,hedonic-model,high,16,0,15,Kombi,FWD,190,6.4,,1700,3,14,,,
74,sample,sample-00073,https://www.blocket.se/annons/sample-00073,1,Skoda,Octavia,2016,unknown,Manuell,Örebro,Örebro län,dealer,Exempelbilar AB,2026-08-29,2026-09-26,2026-09-26,Skoda Octavia 2016 (exempeldata),,,Svart,134667,80000,80000,0,74779,68442,81702,-6.98,-0.98,hedonic-model,high,19,0,28,Kombi,FWD,150,5.4,,1600,3,23,,,
75,sample,sample-00074,https://www.blocket.se/annons/sample-00074,1,Audi,A4,2016,unknown,Automat,Umeå,Västerbottens län,dealer,Exempelbilar AB,2026-08-24,2026-09-26,2026-09-26,Audi A4 2016 (exempeldata),,,Blå,137679,108000,108000,0,96131,84558,109289,-12.35,-1.16,hedonic-model,high,16,0,33,Kombi,FWD,190,6.4,,1700,3,14,,,
76,sample,sample-00075,https://www.blocket.se/annons/sample-00075,1,Skoda,Octavia,2018,unknown,Manuell,Uppsala,Uppsala län,private,,2026-09-10,2026-09-26,2026-09-26,Skoda Octavia 2018 (exempeldata),,,Svart,128440,95000,95000,0,96102,87958,104999,1.15,0.17,hedonic-model,high,19,0,16,Kombi,FWD,150,5.4,,1600,3,23,,,
77,sample,sample-00076,https://www.blocket.se/annons/sample-00076,1,Volkswagen,Passat,2018,unknown,Automat,Linköping,Östergötlands län,private,,2026-08-27,2026-09-26,2026-09-26,Volkswagen Passat 2018 (exempeldata),,,Röd,138111,105000,105000,0,98864,88139,110893,-6.21,-0.67,hedonic-model,high,17,0,30,Kombi,FWD,150,4.6,,3200,3,11,,,
78,sample,sample-00077,https://www.blocket.se/annons/sample-00077,1,Tesla,Model 3,2021,unknown,Manuell,Linköping,Östergötlands län,dealer,Exempelbilar AB,2026-09-08,2026-09-26,2026-09-26,Tesla Model 3 2021 (exempeldata),,,Silver,91912,240000,240000,0,222333,200794,246182,-7.95,-0.96,hedonic-model,high,23,0,18,Sedan,RWD,283,,15.0,360,4,26,,,
79,sample,sample-00078,https://www.blocket.se/annons/sample-00078,1,Volkswagen,Golf,2017,unknown,Manuell,Umeå,Västerbottens län,private,,2026-09-08,2026-09-26,2026-09-26,Volkswagen Golf 2017 (exempeldata),,,Röd,159622,68000,68000,0,73292,64197,83675,7.22,0.72,hedonic-model,high,18,0,18,Halvkombi,FWD,125,5.2,,1500,3,7,,,
80,sample,sample-00079,https://www.blocket.se/annons/sample-00079,1,Kia,Ceed,2014,unknown,Automat,Örebro,Örebro län,private,,2026-08-27,2026-09-26,2026-09-26,Kia Ceed 2014 (exempeldata),,,Silver,182194,37000,37000,0,35359,31616,39544,-4.64,-0.52,hedonic-model,high,27,0,30,Halvkombi,FWD,120,5.8,,1500,4,20,,,
81,sample,sample-00080,https://www.blocket.se/annons/sample-00080,1,Volkswagen,Golf,2013,unknown,Manuell,Stockholm,Stockholms län,private,,2026-09-17,2026-09-26,2026-09-26,Volkswagen Golf 2013 (exempeldata),,,Grå,194380,33000,33000,0,37881,33181,43248,12.89,1.33,hedonic-model,high,18,0,9,Halvkombi,FWD,125,5.2,,1500,3,7,,,
82,sample,sample-00081,https://www.blocket.se/annons/sample-00081,1,Audi,A4,2014,unknown,Automat,Linköping,Östergötlands län,private,,2026-08-24,2026-09-26,2026-09-26,Audi A4 2014 (exempeldata),,,Blå,219779,64000,64000,0,69446,61085,78951,7.84,0.82,hedonic-model,high,16,0,33,Kombi,FWD,190,6.4,,1700,3,14,,,
83,sample,sample-00082,https://www.blocket.se/annons/sample-00082,1,Kia,Ceed,2017,unknown,Manuell,Göteborg,Västra Götalands län,private,,2026-09-13,2026-09-26,2026-09-26,Kia Ceed 2017 (exempeldata),,,Silver,173751,51000,51000,0,53392,47741,59711,4.48,0.52,hedonic-model,high,27,0,13,Halvkombi,FWD,120,5.8,,1500,4,20,,,
84,sample,sample-00083,https://www.blocket.se/annons/sample-00083,1,Volvo,XC60,2015,unknown,Automat,Malmö,Skåne län,private,,2026-09-26,2026-09-26,2026-09-26,Volvo XC60 2015 (exempeldata),,,Blå,118256,150000,150000,0,130714,111478,153269,-14.75,-1.11,hedonic-model,low,16,0,0,SUV,AWD,190,5.6,,4800,3,4,,,
85,sample,sample-00084,https://www.blocket.se/annons/sample-00084,1,Tesla,Model 3,2020,unknown,Manuell,Örebro,Örebro län,private,,2026-09-22,2026-09-26,2026-09-26,Tesla Model 3 2020 (exempeldata),,,Silver,86279,220000,220000,0,209819,189493,232327,-4.85,-0.6,hedonic-model,high,23,0,4,Sedan,RWD,283,,15.0,360,4,26,,,
86,sample,sample-00085,https://www.blocket.se/annons/sample-00085,1,Tesla,Model 3,2019,unknown,Manuell,Malmö,Skåne län,private,,2026-09-09,2026-09-26,2026-09-26,Tesla Model 3 2019 (exempeldata),,,Svart,119028,172000,172000,0,169521,153098,187705,-1.46,-0.18,hedonic-model,high,23,0,17,Sedan,RWD,283,,15.0,360,4,26,,,
87,sample,sample-00086,https://www.blocket.se/annons/sample-00086,1,Volvo,V60,2015,unknown,Automat,Örebro,Örebro län,private,,2026-09-19,2026-09-26,2026-09-26,Volvo V60 2015 (exempeldata),,,Röd,172117,95000,95000,0,89369,79099,100973,-6.3,-0.64,hedonic-model,high,18,0,7,Kombi,FWD,150,4.5,,2400,4,1,,,
88,sample,sample-00087,https://www.blocket.se/annons/sample-00087,1,Audi,A4,2019,unknown,Manuell,Örebro,Örebro län,private,,2026-08-29,2026-09-26,2026-09-26,Audi A4 2019 (exempeldata),,,Grå,79066,176000,176000,0,158369,139303,180046,-11.13,-1.05,hedonic-model,high,16,0,28,Kombi,FWD,190,6.4,,1700,3,14,,,
89,sample,sample-00088,https://www.blocket.se/annons/sample-00088,1,Volvo,V60,2019,unknown,Automat,Stockholm,Stockholms län,private,,2026-08-14,2026-09-26,2026-09-26,Volvo V60 2019 (exempeldata),,,Grå,102359,149000,149000,0,161434,142882,182395,7.7,0.84,hedonic-model,high,18,0,43,Kombi,FWD,150,4.5,,2400,4,1,,,
90,sample,sample-00089,https://www.blocket.se/annons/sample-00089,1,Volvo,V60,2015,unknown,Automat,Uppsala,Uppsala län,private,,2026-09-15,2026-09-26,2026-09-26,Volvo V60 2015 (exempeldata),,,Röd,137916,101000,101000,0,94641,83765,106929,-6.72,-0.68,hedonic-model,high,18,0,11,Kombi,FWD,150,4.5,,2400,4,1,,,
91,sample,sample-00090,https://www.blocket.se/annons/sample-00090,1,Kia,Ceed,2014,unknown,Automat,Västerås,Västmanlands län,private,,2026-08-13,2026-09-26,2026-09-26,Kia Ceed 2014 (exempeldata),,,Silver,159871,30000,30000,0,38166,34127,42684,21.4,2.76,hedonic-model,high,27,0,44,Halvkombi,FWD,120,5.8,,1500,4,20,,,
92,sample,sample-00091,https://www.blocket.se/annons/sample-00091,1,Toyota,Corolla,2021,unknown,Manuell,Göteborg,Västra Götalands län,dealer,Exempelbilar AB,2026-09-01,2026-09-26,2026-09-26,Toyota Corolla 2021 (exempeldata),,,Röd,78838,129000,129000,0,164348,139184,194063,21.51,1.87,hedonic-model,high,15,0,25,Halvkombi,FWD,122,4.4,,700,5,19,,,
93,sample,sample-00092,https://www.blocket.se/annons/sample-00092,1,Skoda,Octavia,2020,unknown,Manuell,Örebro,Örebro län,dealer,Exempelbilar AB,2026-09-23,2026-09-26,2026-09-26,Skoda Octavia 2020 (exempeldata),,,Silver,78976,133000,133000,0,134990,123551,147488,1.47,0.21,hedonic-model,high,19,0,3,Kombi,FWD,150,5.4,,1600,3,23,,,
94,sample,sample-00093,https://www.blocket.se/annons/sample-00093,1,Skoda,Octavia,2015,unknown,Manuell,Örebro,Örebro län,private,,2026-09-19,2026-09-26,2026-09-26,Skoda Octavia 2015 (exempeldata),,,Röd,171684,67000,67000,0,63332,57965,69195,-5.79,-0.81,hedonic-model,high,19,0,7,Kombi,FWD,150,5.4,,1600,3,23,,,
95,sample,sample-00094,https://www.blocket.se/annons/sample-00094,1,Tesla,Model 3,2019,unknown,Automat,Linköping,Östergötlands län,private,,2026-09-19,2026-09-26,2026-09-26,Tesla Model 3 2019 (exempeldata),,,Svart,100686,173000,173000,0,174545,157636,193268,0.89,0.11,hedonic-model,high,23,0,7,Sedan,RWD,283,,15.0,360,4,26,,,
96,sample,sample-00095,https://www.blocket.se/annons/sample-00095,1,Volkswagen,Golf,2020,unknown,Automat,Uppsala,Uppsala län,private,,2026-08-31,2026-09-26,2026-09-26,Volkswagen Golf 2020 (exempeldata),,,Blå,73293,130000,130000,0,122244,107074,139563,-6.34,-0.6,hedonic-model,high,18,0,26,Halvkombi,FWD,125,5.2,,1500,3,7,,,
97,sample,sample-00096,https://www.blocket.se/annons/sample-00096,1,Volkswagen,Passat,2020,unknown,Automat,Malmö,Skåne län,private,,2026-09-22,2026-09-26,2026-09-26,Volkswagen Passat 2020 (exempeldata),,,Blå,71337,162000,162000,0,147522,131519,165473,-9.81,-1.04,hedonic-model,high,17,0,4,Kombi,FWD,150,4.6,,3200,3,11,,,
98,sample,sample-00097,https://www.blocket.se/annons/sample-00097,1,BMW,3-serie,2021,unknown,Automat,Örebro,Örebro län,dealer,Exempelbilar AB,2026-09-17,2026-09-26,2026-09-26,BMW 3-serie 2021 (exempeldata),,,Grå,68771,195000,195000,0,230897,205237,259765,15.55,1.84,hedonic-model,high,21,0,9,Sedan,RWD,184,4.5,,3000,3,16,,,
99,sample,sample-00098,https://www.blocket.se/annons/sample-00098,1,Kia,Ceed,2018,unknown,Manuell,Linköping,Östergötlands län,private,,2026-08-13,2026-09-26,2026-09-26,Kia Ceed 2018 (exempeldata),,,Grå,103199,71000,71000,0,71405,63847,79857,0.57,0.07,hedonic-model,high,27,0,44,Halvkombi,FWD,120,5.8,,1500,4,20,,,
100,sample,sample-00099,https://www.blocket.se/annons/sample-00099,1,Toyota,Corolla,2019,unknown,Automat,Norrköping,Östergötlands län,private,,2026-08-27,2026-09-26,2026-09-26,Toyota Corolla 2019 (exempeldata),,,Blå,134480,128000,128000,0,118458,100320,139875,-8.06,-0.6,hedonic-model,high,15,0,30,Halvkombi,FWD,122,4.4,,700,5,19,,,
101,sample,sample-00100,https://www.blocket.se/annons/sample-00100,1,Volkswagen,Golf,2020,unknown,Manuell,Göteborg,Västra Götalands län,private,,2026-08-29,2026-09-26,2026-09-26,Volkswagen Golf 2020 (exempeldata),,,Grå,100137,120000,120000,0,118125,103466,134860,-1.59,-0.15,hedonic-model,high,18,0,28,Halvkombi,FWD,125,5.2,,1500,3,7,,,
102,sample,sample-00101,https://www.blocket.se/annons/sample-00101,1,Kia,Ceed,2013,unknown,Automat,Malmö,Skåne län,private,,2026-09-22,2026-09-26,2026-09-26,Kia Ceed 2013 (exempeldata),,,Silver,192722,31000,31000,0,29871,26709,33406,-3.78,-0.43,hedonic-model,high,27,0,4,Halvkombi,FWD,120,5.8,,1500,4,20,,,
103,sample,sample-00102,https://www.blocket.se/annons/sample-00102,1,BMW,3-serie,2022,unknown,Automat,Umeå,Västerbottens län,dealer,Exempelbilar AB,2026-09-02,2026-09-26,2026-09-26,BMW 3-serie 2022 (exempeldata),,,Röd,49793,277000,277000,0,261541,232475,294240,-5.91,-0.62,hedonic-model,high,21,0,24,Sedan,RWD,184,4.5,,3000,3,16,,,
104,sample,sample-00103,https://www.blocket.se/annons/sample-00103,1,Kia,Ceed,2021,unknown,Manuell,Uppsala,Uppsala län,dealer,Exempelbilar AB,2026-09-12,2026-09-26,2026-09-26,Kia Ceed 2021 (exempeldata),,,Blå,47883,99000,99000,0,123326,110274,137924,19.73,2.52,hedonic-model,high,27,0,14,Halvkombi,FWD,120,5.8,,1500,4,20,,,
105,sample,sample-00104,https://www.blocket.se/annons/sample-00104,1,Volvo,XC60,2014,unknown,Automat,Uppsala,Uppsala län,private,,2026-09-04,2026-09-26,2026-09-26,Volvo XC60 2014 (exempeldata),,,Blå,151128,119000,119000,0,115517,98517,135450,-3.02,-0.24,hedonic-model,high,16,0,22,SUV,AWD,190,5.6,,4800,3,4,,,
106,sample,sample-00105,https://www.blocket.se/annons/sample-00105,1,Volkswagen,Golf,2016,unknown,Manuell,Malmö,Skåne län,private,,2026-09-16,2026-09-26,2026-09-26,Volkswagen Golf 2016 (exempeldata),,,Svart,160666,63000,63000,0,61683,54028,70421,-2.14,-0.2,hedonic-model,high,18,0,10,Halvkombi,FWD,125,5.2,,1500,3,7,,,
107,sample,sample-00106,https://www.blocket.se/annons/sample-00106,1,Tesla,Model 3,2019,unknown,Automat,Uppsala,Uppsala län,private,,2026-08-28,2026-09-26,2026-09-26,Tesla Model 3 2019 (exempeldata),,,Röd,94158,165000,165000,0,179457,162072,198708,8.06,1.06,hedonic-model,high,23,0,29,Sedan,RWD,283,,15.0,360,4,26,,,
108,sample,sample-00107,https://www.blocket.se/annons/sample-00107,1,Volvo,V60,2020,unknown,Automat,Malmö,Skåne län,private,,2026-09-22,2026-09-26,2026-09-26,Volvo V60 2020 (exempeldata),,,Silver,79856,191000,191000,0,187427,165887,211763,-1.91,-0.2,hedonic-model,high,18,0,4,Kombi,FWD,150,4.5,,2400,4,1,,,
109,sample,sample-00108,https://www.blocket.se/annons/sample-00108,1,Tesla,Model 3,2019,unknown,Automat,Linköping,Östergötlands län,private,,2026-09-02,2026-09-26,2026-09-26,Tesla Model 3 2019 (exempeldata),,,Svart,91495,183000,183000,0,177775,160553,196845,-2.94,-0.36,hedonic-model,high,23,0,24,Sedan,RWD,283,,15.0,360,4,26,,,
110,sample,sample-00109,https://www.blocket.se/annons/sample-00109,1,Volkswagen,Passat,2019,unknown,Automat,Uppsala,Uppsala län,dealer,Exempelbilar AB,2026-09-25,2026-09-26,2026-09-26,Volkswagen Passat 2019 (exempeldata),,,Silver,88895,133000,133000,0,130756,116572,146666,-1.72,-0.19,hedonic-model,high,17,0,1,Kombi,FWD,150,4.6,,3200,3,11,,,
111,sample,sample-00110,https://www.blocket.se/annons/sample-00110,1,Volvo,V60,2022,unknown,Manuell,Örebro,Örebro län,dealer,Exempelbilar AB,2026-09-08,2026-09-26,2026-09-26,Volvo V60 2022 (exempeldata),,,Grå,82968,225000,225000,0,193002,170822,218062,-16.58,-1.61,hedonic-model,high,18,0,18,Kombi,FWD,150,4.5,,2400,4,1,,,
112,sample,sample-00111,https://www.blocket.se/annons/sample-00111,1,BMW,3-serie,2016,unknown,Manuell,Malmö,Skåne län,dealer,Exempelbilar AB,2026-08-17,2026-09-26,2026-09-26,BMW 3-serie 2016 (exempeldata),,,Röd,123969,123000,123000,0,119516,106234,134459,-2.91,-0.31,hedonic-model,high,21,0,40,Sedan,RWD,184,4.5,,3000,3,16,,,
113,sample,sample-00112,https://www.blocket.se/annons/sample-00112,1,Volvo,V60,2017,unknown,Manuell,Norrköping,Östergötlands län,private,,2026-08-31,2026-09-26,2026-09-26,Volvo V60 2017 (exempeldata),,,Vit,136251,106000,106000,0,112239,99340,126812,5.56,0.6,hedonic-model,high,18,0,26,Kombi,FWD,150,4.5,,2400,4,1,,,
114,sample,sample-00113,https://www.blocket.se/annons/sample-00113,1,Volkswagen,Golf,2021,unknown,Manuell,Umeå,Västerbottens län,private,,2026-09-09,2026-09-26,2026-09-26,Volkswagen Golf 2021 (exempeldata),,,Silver,69942,145000,145000,0,136812,119835,156195,-5.98,-0.56,hedonic-model,high,18,0,17,Halvkombi,FWD,125,5.2,,1500,3,7,,,
115,sample,sample-00114,https://www.blocket.se/annons/sample-00114,1,Kia,Ceed,2017,unknown,Automat,Malmö,Skåne län,dealer,Exempelbilar AB,2026-09-12,2026-09-26,2026-09-26,Kia Ceed 2017 (exempeldata),,,Grå,134606,56000,56000,0,56786,50776,63508,1.38,0.16,hedonic-model,high,27,0,14,Halvkombi,FWD,120,5.8,,1500,4,20,,,
116,sample,sample-00115,https://www.blocket.se/annons/sample-00115,1,BMW,3-serie,2014,unknown,Automat,Örebro,Örebro län,private,,2026-09-03,2026-09-26,2026-09-26,BMW 3-serie 2014 (exempeldata),,,Grå,161814,79000,79000,0,86426,76821,97231,8.59,0.98,hedonic-model,high,21,0,23,Sedan,RWD,184,4.5,,3000,3,16,,,
117,sample,sample-00116,https://www.blocket.se/annons/sample-00116,1,Toyota,Corolla,2019,unknown,Manuell,Umeå,Västerbottens län,dealer,Exempelbilar AB,2026-09-06,2026-09-26,2026-09-26,Toyota Corolla 2019 (exempeldata),,,Röd,116343,123000,123000,0,125005,105865,147606,1.6,0.12,hedonic-model,high,15,0,20,Halvkombi,FWD,122,4.4,,700,5,19,,,
118,sample,sample-00117,https://www.blocket.se/annons/sample-00117,1,Volvo,XC60,2020,unknown,Manuell,Västerås,Västmanlands län,dealer,Exempelbilar AB,2026-09-19,2026-09-26,2026-09-26,Volvo XC60 2020 (exempeldata),,,Svart,99187,244000,244000,0,223147,190308,261651,-9.35,-0.72,hedonic-model,high,16,0,7,SUV,AWD,190,5.6,,4800,3,4,,,
119,sample,sample-00118,https://www.blocket.se/annons/sample-00118,1,Volvo,V60,2017,unknown,Automat,Västerås,Västmanlands län,private,,2026-08-28,2026-09-26,2026-09-26,Volvo V60 2017 (exempeldata),,,Röd,144933,114000,114000,0,115583,102300,130591,1.37,0.14,hedonic-model,high,18,0,29,Kombi,FWD,150,4.5,,2400,4,1,,,
120,sample,sample-00119,https://www.blocket.se/annons/sample-00119,1,Skoda,Octavia,2019,unknown,Manuell,Västerås,Västmanlands län,private,,2026-08-16,2026-09-26,2026-09-26,Skoda Octavia 2019 (exempeldata),,,Blå,104745,115000,115000,0,112547,103010,122968,-2.18,-0.31,hedonic-model,high,19,0,41,Kombi,FWD,150,5.4,,1600,3,23,,,
121,sample,sample-00120,https://www.blocket.se/annons/sample-00120,1,Tesla,Model 3,2019,unknown,Automat,Örebro,Örebro län,private,,2026-09-11,2026-09-26,2026-09-26,Tesla Model 3 2019 (exempeldata),,,Svart,120028,176000,176000,0,163786,147919,181355,-7.46,-0.9,hedonic-model,high,23,0,15,Sedan,RWD,283,,15.0,360,4,26,,,
122,sample,sample-00121,https://www.blocket.se/annons/sample-00121,1,BMW,3-serie,2021,unknown,Automat,Stockholm,Stockholms län,private,,2026-09-01,2026-09-26,2026-09-26,BMW 3-serie 2021 (exempeldata),,,Vit,68946,240000,240000,0,215630,191667,242589,-11.3,-1.16,hedonic-model,high,21,0,25,Sedan,RWD,184,4.5,,3000,3,16,,,
123,sample,sample-00122,https://www.blocket.se/annons/sample-00122,1,Volvo,XC60,2020,unknown,Manuell,Stockholm,Stockholms län,private,,2026-09-05,2026-09-26,2026-09-26,Volvo XC60 2020 (exempeldata),,,Vit,101581,235000,235000,0,231030,197032,270896,-1.72,-0.14,hedonic-model,high,16,0,21,SUV,AWD,190,5.6,,4800,3,4,,,
124,sample,sample-00123,https://www.blocket.se/annons/sample-00123,1,Tesla,Model 3,2019,unknown,Manuell,Linköping,Östergötlands län,private,,2026-08-20,2026-09-26,2026-09-26,Tesla Model 3 2019 (exempeldata),,,Vit,112521,168000,168000,0,173578,156762,192197,3.21,0.41,hedonic-model,high,23,0,37,Sedan,RWD,283,,15.0,360,4,26,,,
125,sample,sample-00124,https://www.blocket.se/annons/sample-00124,1,BMW,3-serie,2015,unknown,Automat,Malmö,Skåne län,private,,2026-08-23,2026-09-26,2026-09-26,BMW 3-serie 2015 (exempeldata),,,Vit,171473,94000,94000,0,93732,83315,105451,-0.29,-0.03,hedonic-model,high,21,0,34,Sedan,RWD,184,4.5,,3000,3,16,,,
126,sample,sample-00125,https://www.blocket.se/annons/sample-00125,1,Volvo,XC60,2013,unknown,Automat,Linköping,Östergötlands län,dealer,Exempelbilar AB,2026-08-20,2026-09-26,2026-09-26,Volvo XC60 2013 (exempeldata),,,Svart,168863,110000,110000,0,94777,80829,111131,-16.06,-1.2,hedonic-model,high,16,0,37,SUV,AWD,190,5.6,,4800,3,4,,,
127,sample,sample-00126,https://www.blocket.se/annons/sample-00126,1,Volkswagen,Golf,2017,unknown,Automat,Örebro,Örebro län,dealer,Exempelbilar AB,2026-08-29,2026-09-26,2026-09-26,Volkswagen Golf 2017 (exempeldata),,,Grå,166140,69000,69000,0,78794,69016,89957,12.43,1.28,hedonic-model,high,18,0,28,Halvkombi,FWD,125,5.2,,1500,3,7,,,
128,sample,sample-00127,https://www.blocket.se/annons/sample-00127,1,Tesla,Model 3,2019,unknown,Automat,Stockholm,Stockholms län,private,,2026-08-15,2026-09-26,2026-09-26,Tesla Model 3 2019 (exempeldata),,,Blå,115639,174000,174000,0,166515,150383,184376,-4.5,-0.55,hedonic-model,high,23,0,42,Sedan,RWD,283,,15.0,360,4,26,,,
129,sample,sample-00128,https://www.blocket.se/annons/sample-00128,1,Volvo,V60,2013,unknown,Manuell,Örebro,Örebro län,dealer,Exempelbilar AB,2026-09-22,2026-09-26,2026-09-26,Volvo V60 2013 (exempeldata),,,Silver,233772,56000,56000,0,57736,51101,65232,3.01,0.32,hedonic-model,high,18,0,4,Kombi,FWD,150,4.5,,2400,4,1,,,
130,sample,sample-00129,https://www.blocket.se/annons/sample-00129,1,Tesla,Model 3,2019,unknown,Automat,Umeå,Västerbottens län,dealer,Exempelbilar AB,2026-08-12,2026-09-26,2026-09-26,Tesla Model 3 2019 (exempeldata),,,Blå,104655,172000,172000,0,170602,154075,188903,-0.82,-0.1,hedonic-model,high,23,0,45,Sedan,RWD,283,,15.0,360,4,26,,,
131,sample,sample-00130,https://www.blocket.se/annons/sample-00130,1,Tesla,Model 3,2021,unknown,Manuell,Göteborg,Västra Götalands län,private,,2026-08-16,2026-09-26,2026-09-26,Tesla Model 3 2021 (exempeldata),,,Blå,68392,253000,253000,0,249118,224984,275840,-1.56,-0.19,hedonic-model,high,23,0,41,Sedan,RWD,283,,15.0,360,4,26,,,
132,sample,sample-00131,https://www.blocket.se/annons/sample-00131,1,Kia,Ceed,2016,unknown,Manuell,Västerås,Västmanlands län,dealer,Exempelbilar AB,2026-08-31,2026-09-26,2026-09-26,Kia Ceed 2016 (exempeldata),,,Silver,172798,46000,46000,0,46343,41438,51829,0.74,0.09,hedonic-model,high,27,0,26,Halvkombi,FWD,120,5.8,,1500,4,20,,,
133,sample,sample-00132,https://www.blocket.se/annons/sample-00132,1,Toyota,Corolla,2019,unknown,Manuell,Göteborg,Västra Götalands län,private,,2026-09-21,2026-09-26,2026-09-26,Toyota Corolla 2019 (exempeldata),,,Svart,95152,133000,133000,0,132492,112205,156447,-0.38,-0.03,hedonic-model,high,15,0,5,Halvkombi,FWD,122,4.4,,700,5,19,,,
134,sample,sample-00133,https://www.blocket.se/annons/sample-00133,1,Toyota,Corolla,2019,unknown,Manuell,Malmö,Skåne län,dealer,Exempelbilar AB,2026-08-22,2026-09-26,2026-09-26,Toyota Corolla 2019 (exempeldata),,,Grå,88322,145000,145000,0,131410,111289,155169,-10.34,-0.76,hedonic-model,high,15,0,35,Halvkombi,FWD,122,4.4,,700,5,19,,,
135,sample,sample-00134,https://www.blocket.se/annons/sample-00134,1,Skoda,Octavia,2021,unknown,Automat,Västerås,Västmanlands län,private,,2026-09-23,2026-09-26,2026-09-26,Skoda Octavia 2021 (exempeldata),,,Grå,70099,150000,150000,0,153089,140116,167263,2.02,0.3,hedonic-model,high,19,0,3,Kombi,FWD,150,5.4,,1600,3,23,,,
136,sample,sample-00135,https://www.blocket.se/annons/sample-00135,1,Audi,A4,2018,unknown,Automat,Malmö,Skåne län,dealer,Exempelbilar AB,2026-08-15,2026-09-26,2026-09-26,Audi A4 2018 (exempeldata),,,Vit,128960,126000,126000,0,127721,112344,145202,1.35,0.14,hedonic-model,high,16,0,42,Kombi,FWD,190,6.4,,1700,3,14,,,
137,sample,sample-00136,https://www.blocket.se/annons/sample-00136,1,Volvo,XC60,2018,unknown,Manuell,Västerås,Västmanlands län,private,,2026-08-22,2026-09-26,2026-09-26,Volvo XC60 2018 (exempeldata),,,Grå,130798,189000,189000,0,178602,152319,209421,-5.82,-0.46,hedonic-model,high,16,0,35,SUV,AWD,190,5.6,,4800,3,4,,,
138,sample,sample-00137,https://www.blocket.se/annons/sample-00137,1,Audi,A4,2013,unknown,Automat,Uppsala,Uppsala län,private,,2026-09-05,2026-09-26,2026-09-26,Audi A4 2013 (exempeldata),,,Svart,179190,68000,68000,0,59308,52168,67425,-14.66,-1.37,hedonic-model,high,16,0,21,Kombi,FWD,190,6.4,,1700,3,14,,,
139,sample,sample-00138,https://www.blocket.se/annons/sample-00138,1,Volkswagen,Golf,2015,unknown,Manuell,Stockholm,Stockholms län,dealer,Exempelbilar AB,2026-09-21,2026-09-26,2026-09-26,Volkswagen Golf 2015 (exempeldata),,,Blå,146490,56000,56000,0,57312,50200,65431,2.29,0.22,hedonic-model,high,18,0,5,Halvkombi,FWD,125,5.2,,1500,3,7,,,
140,sample,sample-00139,https://www.blocket.se/annons/sample-00139,1,Toyota,Corolla,2020,unknown,Manuell,Norrköping,Östergötlands län,dealer,Exempelbilar AB,2026-08-21,2026-09-26,2026-09-26,Toyota Corolla 2020 (exempeldata),,,Svart,81807,151000,151000,0,146880,124390,173436,-2.81,-0.21,hedonic-model,high,15,0,36,Halvkombi,FWD,122,4.4,,700,5,19,,,
141,sample,sample-00140,https://www.blocket.se/annons/sample-00140,1,Volkswagen,Golf,2015,unknown,Automat,Västerås,Västmanlands län,private,,2026-08-26,2026-09-26,2026-09-26,Volkswagen Golf 2015 (exempeldata),,,Blå,165178,53000,53000,0,52299,45809,59709,-1.34,-0.13,hedonic-model,high,18,0,31,Halvkombi,FWD,125,5.2,,1500,3,7,,,
142,sample,sample-00141,https://www.blocket.se/annons/sample-00141,1,Audi,A4,2016,unknown,Automat,Uppsala,Uppsala län,private,,2026-08-14,2026-09-26,2026-09-26,Audi A4 2016 (exempeldata),,,Grå,143612,90000,90000,0,99595,87604,113226,9.63,1.01,hedonic-model,high,16,0,43,Kombi,FWD,190,6.4,,1700,3,14,,,
143,sample,sample-00142,https://www.blocket.se/annons/sample-00142,1,Audi,A4,2013,unknown,Automat,Linköping,Östergötlands län,dealer,Exempelbilar AB,2026-09-18,2026-09-26,2026-09-26,Audi A4 2013 (exempeldata),,,Silver,205629,62000,62000,0,62172,54687,70681,0.28,0.03,hedonic-model,high,16,0,8,Kombi,FWD,190,6.4,,1700,3,14,,,
144,sample,sample-00143,https://www.blocket.se/annons/sample-00143,1,BMW,3-serie,2014,unknown,Automat,Malmö,Skåne län,dealer,Exempelbilar AB,2026-09-18,2026-09-26,2026-09-26,BMW 3-serie 2014 (exempeldata),,,Grå,236725,68000,68000,0,78825,70065,88680,13.73,1.61,hedonic-model,low,21,0,8,Sedan,RWD,184,4.5,,3000,3,16,,,
145,sample,sample-00144,https://www.blocket.se/annons/sample-00144,1,Volkswagen,Passat,2021,unknown,Manuell,Stockholm,Stockholms län,dealer,Exempelbilar AB,2026-08-30,2026-09-26,2026-09-26,Volkswagen Passat 2021 (exempeldata),,,Blå,47296,182000,182000,0,182372,162588,204563,0.2,0.02,hedonic-model,high,17,0,27,Kombi,FWD,150,4.6,,3200,3,11,,,
146,sample,sample-00145,https://www.blocket.se/annons/sample-00145,1,Volvo,XC60,2018,unknown,Manuell,Västerås,Västmanlands län,private,,2026-09-08,2026-09-26,2026-09-26,Volvo XC60 2018 (exempeldata),,,Blå,109287,198000,198000,0,189058,161236,221680,-4.73,-0.37,hedonic-model,high,16,0,18,SUV,AWD,190,5.6,,4800,3,4,,,
147,sample,sample-00146,https://www.blocket.se/annons/sample-00146,1,Volvo,V60,2018,unknown,Automat,Norrköping,Östergötlands län,dealer,Exempelbilar AB,2026-09-21,2026-09-26,2026-09-26,Volvo V60 2018 (exempeldata),,,Svart,142897,128000,128000,0,126845,112268,143315,-0.91,-0.1,hedonic-model,high,18,0,5,Kombi,FWD,150,4.5,,2400,4,1,,,
148,sample,sample-00147,https://www.blocket.se/annons/sample-00147,1,Volkswagen,Passat,2019,unknown,Automat,Västerås,Västmanlands län,private,,2026-09-07,2026-09-26,2026-09-26,Volkswagen Passat 2019 (exempeldata),,,Vit,147836,112000,112000,0,114618,102185,128565,2.28,0.26,hedonic-model,low,17,0,19,Kombi,FWD,150,4.6,,3200,3,11,,,
149,sample,sample-00148,https://www.blocket.se/annons/sample-00148,1,BMW,3-serie,2015,unknown,Manuell,Norrköping,Östergötlands län,dealer,Exempelbilar AB,2026-09-04,2026-09-26,2026-09-26,BMW 3-serie 2015 (exempeldata),,,Vit,190126,91000,91000,0,91040,80922,102422,0.04,0.0,hedonic-model,high,21,0,22,Sedan,RWD,184,4.5,,3000,3,16,,,
150,sample,sample-00149,https://www.blocket.se/annons/sample-00149,1,Volvo,XC60,2015,unknown,Automat,Göteborg,Västra Götalands län,private,,2026-09-15,2026-09-26,2026-09-26,Volvo XC60 2015 (exempeldata),,,Blå,178078,102000,102000,0,128541,109625,150721,20.65,1.86,hedonic-model,high,16,0,11,SUV,AWD,190,5.6,,4800,3,4,,,
151,sample,sample-00150,https://www.blocket.se/annons/sample-00150,1,Tesla,Model 3,2022,unknown,Automat,Norrköping,Östergötlands län,dealer,Exempelbilar AB,2026-08-17,2026-09-26,2026-09-26,Tesla Model 3 2022 (exempeldata),,,Vit,16897,337000,337000,0,338264,305494,374549,0.37,0.05,hedonic-model,high,23,0,40,Sedan,RWD,283,,15.0,360,4,26,,,
152,sample,sample-00151,https://www.blocket.se/annons/sample-00151,1,Kia,Ceed,2014,unknown,Manuell,Uppsala,Uppsala län,dealer,Exempelbilar AB,2026-08-20,2026-09-26,2026-09-26,Kia Ceed 2014 (exempeldata),,,Silver,194333,34000,34000,0,33395,29861,37348,-1.81,-0.21,hedonic-model,high,27,0,37,Halvkombi,FWD,120,5.8,,1500,4,20,,,
153,sample,sample-00152,https://www.blocket.se/annons/sample-00152,1,Skoda,Octavia,2014,unknown,Manuell,Göteborg,Västra Götalands län,private,,2026-08-16,2026-09-26,2026-09-26,Skoda Octavia 2014 (exempeldata),,,Grå,171873,55000,55000,0,56014,51267,61200,1.81,0.26,hedonic-model,high,19,0,41,Kombi,FWD,150,5.4,,1600,3,23,,,
154,sample,sample-00153,https://www.blocket.se/annons/sample-00153,1,Tesla,Model 3,2021,unknown,Manuell,Stockholm,Stockholms län,private,,2026-08-29,2026-09-26,2026-09-26,Tesla Model 3 2021 (exempeldata),,,Silver,95372,232000,232000,0,223578,201919,247561,-3.77,-0.47,hedonic-model,high,23,0,28,Sedan,RWD,283,,15.0,360,4,26,,,
155,sample,sample-00154,https://www.blocket.se/annons/sample-00154,1,Tesla,Model 3,2020,unknown,Manuell,Norrköping,Östergötlands län,private,,2026-08-12,2026-09-26,2026-09-26,Tesla Model 3 2020 (exempeldata),,,Grå,39694,246000,246000,0,238593,215479,264187,-3.1,-0.38,hedonic-model,low,23,0,45,Sedan,RWD,283,,15.0,360,4,26,,,
156,sample,sample-00155,https://www.blocket.se/annons/sample-00155,1,Volkswagen,Golf,2013,unknown,Manuell,Örebro,Örebro län,dealer,Exempelbilar AB,2026-08-24,2026-09-26,2026-09-26,Volkswagen Golf 2013 (exempeldata),,,Silver,194567,40000,40000,0,37478,32827,42787,-6.73,-0.63,hedonic-model,high,18,0,33,Halvkombi,FWD,125,5.2,,1500,3,7,,,
157,sample,sample-00156,https://www.blocket.se/annons/sample-00156,1,BMW,3-serie,2017,unknown,Automat,Norrköping,Östergötlands län,private,,2026-09-22,2026-09-26,2026-09-26,BMW 3-serie 2017 (exempeldata),,,Svart,108764,123000,123000,0,136936,121718,154056,10.18,1.17,hedonic-model,high,21,0,4,Sedan,RWD,184,4.5,,3000,3,16,,,
158,sample,sample-00157,https://www.blocket.se/annons/sample-00157,1,Skoda,Octavia,2019,unknown,Manuell,Malmö,Skåne län,dealer,Exempelbilar AB,2026-09-05,2026-09-26,2026-09-26,Skoda Octavia 2019 (exempeldata),,,Grå,127430,104000,104000,0,105220,96304,114962,1.16,0.17,hedonic-model,high,19,0,21,Kombi,FWD,150,5.4,,1600,3,23,,,
159,sample,sample-00158,https://www.blocket.se/annons/sample-00158,1,Volkswagen,Golf,2018,unknown,Automat,Göteborg,Västra Götalands län,private,,2026-09-07,2026-09-26,2026-09-26,Volkswagen Golf 2018 (exempeldata),,,Röd,109203,80000,80000,0,88569,77578,101117,9.67,0.98,hedonic-model,high,18,0,19,Halvkombi,FWD,125,5.2,,1500,3,7,,,
160,sample,sample-00159,https://www.blocket.se/annons/sample-00159,1,BMW,3-serie,2015,unknown,Automat,Umeå,Västerbottens län,private,,2026-09-21,2026-09-26,2026-09-26,BMW 3-serie 2015 (exempeldata),,,Grå,192152,92000,92000,0,88031,78248,99037,-4.51,-0.48,hedonic-model,high,21,0,5,Sedan,RWD,184,4.5,,3000,3,16,,,
161,sample,sample-00160,https://www.blocket.se/annons/sample-00160,1,BMW,3-serie,2013,unknown,Manuell,Örebro,Örebro län,private,,2026-09-14,2026-09-26,2026-09-26,BMW 3-serie 2013 (exempeldata),,,Vit,186804,73000,73000,0,74387,66120,83687,1.86,0.2,hedonic-model,high,21,0,12,Sedan,RWD,184,4.5,,3000,3,16,,,
162,sample,sample-00161,https://www.blocket.se/annons/sample-00161,1,Volkswagen,Golf,2014,unknown,Manuell,Umeå,Västerbottens län,private,,2026-08-23,2026-09-26,2026-09-26,Volkswagen Golf 2014 (exempeldata),,,Röd,189583,45000,45000,0,42798,37487,48861,-5.15,-0.49,hedonic-model,high,18,0,34,Halvkombi,FWD,125,5.2,,1500,3,7,,,
163,sample,sample-00162,https://www.blocket.se/annons/sample-00162,1,BMW,3-serie,2022,unknown,Manuell,Malmö,Skåne län,private,,2026-08-29,2026-09-26,2026-09-26,BMW 3-serie 2022 (exempeldata),,,Blå,73219,240000,240000,0,247473,219971,278413,3.02,0.33,hedonic-model,high,21,0,28,Sedan,RWD,184,4.5,,3000,3,16,,,
164,sample,sample-00163,https://www.blocket.se/annons/sample-00163,1,BMW,3-serie,2016,unknown,Manuell,Örebro,Örebro län,private,,2026-09-12,2026-09-26,2026-09-26,BMW 3-serie 2016 (exempeldata),,,Silver,164264,113000,113000,0,107515,95567,120957,-5.1,-0.54,hedonic-model,high,21,0,14,Sedan,RWD,184,4.5,,3000,3,16,,,
165,sample,sample-00164,https://www.blocket.se/annons/sample-00164,1,Kia,Ceed,2016,unknown,Automat,Uppsala,Uppsala län,private,,2026-09-02,2026-09-26,2026-09-26,Kia Ceed 2016 (exempeldata),,,Vit,117284,57000,57000,0,52312,46776,58505,-8.96,-0.98,hedonic-model,high,27,0,24,Halvkombi,FWD,120,5.8,,1500,4,20,,,
166,sample,sample-00165,https://www.blocket.se/annons/sample-00165,1,Volkswagen,Passat,2022,unknown,Manuell,Örebro,Örebro län,private,,2026-09-03,2026-09-26,2026-09-26,Volkswagen Passat 2022 (exempeldata),,,Röd,95799,171000,171000,0,172042,153379,192976,0.61,0.07,hedonic-model,high,17,0,23,Kombi,FWD,150,4.6,,3200,3,11,,,
167,sample,sample-00166,https://www.blocket.se/annons/sample-00166,1,Skoda,Octavia,2014,unknown,Manuell,Malmö,Skåne län,private,,2026-08-30,2026-09-26,2026-09-26,Skoda Octavia 2014 (exempeldata),,,Vit,172582,57000,57000,0,55224,50545,60337,-3.22,-0.46,hedonic-model,high,19,0,27,Kombi,FWD,150,5.4,,1600,3,23,,,
168,sample,sample-00167,https://www.blocket.se/annons/sample-00167,1,Kia,Ceed,2018,unknown,Automat,Västerås,Västmanlands län,private,,2026-08-25,2026-09-26,2026-09-26,Kia Ceed 2018 (exempeldata),,,Vit,153122,65000,65000,0,64108,57323,71697,-1.39,-0.16,hedonic-model,high,27,0,32,Halvkombi,FWD,120,5.8,,1500,4,20,,,
169,sample,sample-00168,https://www.blocket.se/annons/sample-00168,1,Toyota,Corolla,2019,unknown,Manuell,Norrköping,Östergötlands län,dealer,Exempelbilar AB,2026-09-17,2026-09-26,2026-09-26,Toyota Corolla 2019 (exempeldata),,,Svart,101619,142000,142000,0,126924,107490,149872,-11.88,-0.87,hedonic-model,high,15,0,9,Halvkombi,FWD,122,4.4,,700,5,19,,,
170,sample,sample-00169,https://www.blocket.se/annons/sample-00169,1,Audi,A4,2020,unknown,Manuell,Örebro,Örebro län,private,,2026-08-18,2026-09-26,2026-09-26,Audi A4 2020 (exempeldata),,,Svart,93383,157000,157000,0,174634,153609,198536,10.1,1.06,hedonic-model,high,16,0,39,Kombi,FWD,190,6.4,,1700,3,14,,,
171,sample,sample-00170,https://www.blocket.se/annons/sample-00170,1,Volvo,V60,2017,unknown,Automat,Västerås,Västmanlands län,private,,2026-09-19,2026-09-26,2026-09-26,Volvo V60 2017 (exempeldata),,,Vit,137437,126000,126000,0,115236,101993,130198,-9.34,-0.94,hedonic-model,high,18,0,7,Kombi,FWD,150,4.5,,2400,4,1,,,
172,sample,sample-00171,https://www.blocket.se/annons/sample-00171,1,Audi,A4,2014,unknown,Manuell,Örebro,Örebro län,private,,2026-09-22,2026-09-26,2026-09-26,Audi A4 2014 (exempeldata),,,Blå,191118,71000,71000,0,68127,59925,77451,-4.22,-0.41,hedonic-model,high,16,0,4,Kombi,FWD,190,6.4,,1700,3,14,,,
173,sample,sample-00172,https://www.blocket.se/annons/sample-00172,1,Tesla,Model 3,2021,unknown,Automat,Norrköping,Östergötlands län,private,,2026-09-11,2026-09-26,2026-09-26,Tesla Model 3 2021 (exempeldata),,,Vit,98944,190000,190000,0,227302,205281,251684,16.41,2.25,hedonic-model,high,23,0,15,Sedan,RWD,283,,15.0,360,4,26,,,
174,sample,sample-00173,https://www.blocket.se/annons/sample-00173,1,Volvo,XC60,2021,unknown,Manuell,Umeå,Västerbottens län,dealer,Exempelbilar AB,2026-08-25,2026-09-26,2026-09-26,Volvo XC60 2021 (exempeldata),,,Blå,77481,240000,240000,0,276577,235875,324301,13.22,1.14,hedonic-model,high,16,0,32,SUV,AWD,190,5.6,,4800,3,4,,,
175,sample,sample-00174,https://www.blocket.se/annons/sample-00174,1,Kia,Ceed,2013,unknown,Manuell,Norrköping,Östergötlands län,dealer,Exempelbilar AB,2026-09-11,2026-09-26,2026-09-26,Kia Ceed 2013 (exempeldata),,,Grå,157931,29000,29000,0,29545,26418,33042,1.84,0.21,hedonic-model,high,27,0,15,Halvkombi,FWD,120,5.8,,1500,4,20,,,
176,sample,sample-00175,https://www.blocket.se/annons/sample-00175,1,BMW,3-serie,2015,unknown,Automat,Malmö,Skåne län,private,,2026-08-14,2026-09-26,2026-09-26,BMW 3-serie 2015 (exempeldata),,,Röd,122594,105000,105000,0,105387,93676,118564,0.37,0.04,hedonic-model,high,21,0,43,Sedan,RWD,184,4.5,,3000,3,16,,,
177,sample,sample-00176,https://www.blocket.se/annons/sample-00176,1,Kia,Ceed,2015,unknown,Manuell,Uppsala,Uppsala län,private,,2026-09-14,2026-09-26,2026-09-26,Kia Ceed 2015 (exempeldata),,,Vit,167721,43000,43000,0,40733,36422,45554,-5.57,-0.62,hedonic-model,high,27,0,12,Halvkombi,FWD,120,5.8,,1500,4,20,,,
178,sample,sample-00177,https://www.blocket.se/annons/sample-00177,1,Volvo,V60,2018,unknown,Automat,Umeå,Västerbottens län,private,,2026-08-27,2026-09-26,2026-09-26,Volvo V60 2018 (exempeldata),,,Svart,113311,147000,147000,0,140603,124445,158860,-4.55,-0.47,hedonic-model,high,18,0,30,Kombi,FWD,150,4.5,,2400,4,1,,,
179,sample,sample-00178,https://www.blocket.se/annons/sample-00178,1,Volkswagen,Passat,2017,unknown,Automat,Göteborg,Västra Götalands län,private,,2026-09-03,2026-09-26,2026-09-26,Volkswagen Passat 2017 (exempeldata),,,Blå,113301,103000,103000,0,90177,80394,101149,-14.22,-1.48,hedonic-model,high,17,0,23,Kombi,FWD,150,4.6,,3200,3,11,,,
180,sample,sample-00179,https://www.blocket.se/annons/sample-00179,1,Kia,Ceed,2019,unknown,Automat,Örebro,Örebro län,dealer,Exempelbilar AB,2026-09-03,2026-09-26,2026-09-26,Kia Ceed 2019 (exempeldata),,,Svart,132268,73000,73000,0,73355,65591,82038,0.48,0.06,hedonic-model,high,27,0,23,Halvkombi,FWD,120,5.8,,1500,4,20,,,
181,sample,sample-00180,https://www.blocket.se/annons/sample-00180,1,Toyota,Corolla,2019,unknown,Automat,Göteborg,Västra Götalands län,private,,2026-09-21,2026-09-26,2026-09-26,Toyota Corolla 2019 (exempeldata),,,Röd,45875,155000,155000,0,144393,122284,170499,-7.35,-0.55,hedonic-model,low,15,0,5,Halvkombi,FWD,122,4.4,,700,5,19,,,
182,sample,sample-00181,https://www.blocket.se/annons/sample-00181,1,Audi,A4,2017,unknown,Automat,Malmö,Skåne län,private,,2026-08-13,2026-09-26,2026-09-26,Audi A4 2017 (exempeldata),,,Silver,162546,108000,108000,0,102516,90174,116548,-5.35,-0.52,hedonic-model,high,16,0,44,Kombi,FWD,190,6.4,,1700,3,14,,,
183,sample,sample-00182,https://www.blocket.se/annons/sample-00182,1,Kia,Ceed,2013,unknown,Automat,Stockholm,Stockholms län,private,,2026-09-22,2026-09-26,2026-09-26,Kia Ceed 2013 (exempeldata),,,Silver,188604,31000,31000,0,29974,26802,33522,-3.42,-0.39,hedonic-model,high,27,0,4,Halvkombi,FWD,120,5.8,,1500,4,20,,,
184,sample,sample-00183,https://www.blocket.se/annons/sample-00183,1,Skoda,Octavia,2015,unknown,Manuell,Örebro,Örebro län,private,,2026-09-24,2026-09-26,2026-09-26,Skoda Octavia 2015 (exempeldata),,,Svart,121412,67000,67000,0,68875,63039,75252,2.72,0.4,hedonic-model,high,19,0,2,Kombi,FWD,150,5.4,,1600,3,23,,,
185,sample,sample-00184,https://www.blocket.se/annons/sample-00184,1,Volkswagen,Passat,2018,unknown,Automat,Norrköping,Östergötlands län,dealer,Exempelbilar AB,2026-09-03,2026-09-26,2026-09-26,Volkswagen Passat 2018 (exempeldata),,,Svart,88344,95000,95000,0,118397,105553,132803,19.76,2.46,hedonic-model,high,17,0,23,Kombi,FWD,150,4.6,,3200,3,11,,,
186,sample,sample-00185,https://www.blocket.se/annons/sample-00185,1,Tesla,Model 3,2019,unknown,Manuell,Uppsala,Uppsala län,private,,2026-09-11,2026-09-26,2026-09-26,Tesla Model 3 2019 (exempeldata),,,Svart,142229,162000,162000,0,159074,143664,176138,-1.84,-0.23,hedonic-model,high,23,0,15,Sedan,RWD,283,,15.0,360,4,26,,,
187,sample,sample-00186,https://www.blocket.se/annons/sample-00186,1,Volkswagen,Golf,2020,unknown,Automat,Örebro,Örebro län,private,,2026-09-13,2026-09-26,2026-09-26,Volkswagen Golf 2020 (exempeldata),,,Röd,46020,129000,129000,0,133292,116751,152176,3.22,0.32,hedonic-model,low,18,0,13,Halvkombi,FWD,125,5.2,,1500,3,7,,,
188,sample,sample-00187,https://www.blocket.se/annons/sample-00187,1,Kia,Ceed,2016,unknown,Automat,Örebro,Örebro län,dealer,Exempelbilar AB,2026-09-15,2026-09-26,2026-09-26,Kia Ceed 2016 (exempeldata),,,Svart,145075,48000,48000,0,49965,44677,55880,3.93,0.46,hedonic-model,high,27,0,11,Halvkombi,FWD,120,5.8,,1500,4,20,,,
189,sample,sample-00188,https://www.blocket.se/annons/sample-00188,1,BMW,3-serie,2018,unknown,Manuell,Malmö,Skåne län,private,,2026-08-12,2026-09-26,2026-09-26,BMW 3-serie 2018 (exempeldata),,,Silver,113643,148000,148000,0,150073,133395,168836,1.38,0.15,hedonic-model,high,21,0,45,Sedan,RWD,184,4.5,,3000,3,16,,,
190,sample,sample-00189,https://www.blocket.se/annons/sample-00189,1,Skoda,Octavia,2016,unknown,Automat,Malmö,Skåne län,private,,2026-09-11,2026-09-26,2026-09-26,Skoda Octavia 2016 (exempeldata),,,Svart,125537,77000,77000,0,76958,70437,84083,-0.05,-0.01,hedonic-model,high,19,0,15,Kombi,FWD,150,5.4,,1600,3,23,,,
191,sample,sample-00190,https://www.blocket.se/annons/sample-00190,1,BMW,3-serie,2021,unknown,Automat,Göteborg,Västra Götalands län,dealer,Exempelbilar AB,2026-09-07,2026-09-26,2026-09-26,BMW 3-serie 2021 (exempeldata),,,Röd,54825,224000,224000,0,240559,213825,270635,6.88,0.78,hedonic-model,high,21,0,19,Sedan,RWD,184,4.5,,3000,3,16,,,
192,sample,sample-00191,https://www.blocket.se/annons/sample-00191,1,Kia,Ceed,2021,unknown,Automat,Göteborg,Västra Götalands län,dealer,Exempelbilar AB,2026-09-18,2026-09-26,2026-09-26,Kia Ceed 2021 (exempeldata),,,Röd,65151,114000,114000,0,108451,96972,121288,-5.12,-0.57,hedonic-model,high,27,0,8,Halvkombi,FWD,120,5.8,,1500,4,20,,,
193,sample,sample-00192,https://www.blocket.se/annons/sample-00192,1,Volvo,XC60,2020,unknown,Manuell,Umeå,Västerbottens län,private,,2026-08-17,2026-09-26,2026-09-26,Volvo XC60 2020 (exempeldata),,,Vit,66413,247000,247000,0,258615,220557,303240,4.49,0.37,hedonic-model,high,16,0,40,SUV,AWD,190,5.6,,4800,3,4,,,
194,sample,sample-00193,https://www.blocket.se/annons/sample-00193,1,Toyota,Corolla,2021,unknown,Manuell,Malmö,Skåne län,private,,2026-09-07,2026-09-26,2026-09-26,Toyota Corolla 2021 (exempeldata),,,Vit,80142,139000,139000,0,162516,137632,191899,14.47,1.21,hedonic-model,high,15,0,19,Halvkombi,FWD,122,4.4,,700,5,19,,,
195,sample,sample-00194,https://www.blocket.se/annons/sample-00194,1,BMW,3-serie,2016,unknown,Automat,Uppsala,Uppsala län,private,,2026-09-14,2026-09-26,2026-09-26,BMW 3-serie 2016 (exempeldata),,,Vit,123009,127000,127000,0,116873,103885,131485,-8.67,-0.9,hedonic-model,high,21,0,12,Sedan,RWD,184,4.5,,3000,3,16,,,
196,sample,sample-00195,https://www.blocket.se/annons/sample-00195,1,Audi,A4,2022,unknown,Manuell,Malmö,Skåne län,private,,2026-08-20,2026-09-26,2026-09-26,Audi A4 2022 (exempeldata),,,Vit,99171,211000,211000,0,184563,162343,209825,-14.32,-1.34,hedonic-model,high,16,0,37,Kombi,FWD,190,6.4,,1700,3,14,,,
197,sample,sample-00196,https://www.blocket.se/annons/sample-00196,1,Tesla,Model 3,2022,unknown,Automat,Göteborg,Västra Götalands län,private,,2026-09-24,2026-09-26,2026-09-26,Tesla Model 3 2022 (exempeldata),,,Röd,36251,300000,300000,0,317655,286882,351730,5.56,0.72,hedonic-model,high,23,0,2,Sedan,RWD,283,,15.0,360,4,26,,,
198,sample,sample-00197,https://www.blocket.se/annons/sample-00197,1,Volkswagen,Passat,2022,unknown,Automat,Örebro,Örebro län,private,,2026-08-17,2026-09-26,2026-09-26,Volkswagen Passat 2022 (exempeldata),,,Röd,98689,175000,175000,0,171808,153170,192713,-1.86,-0.21,hedonic-model,high,17,0,40,Kombi,FWD,150,4.6,,3200,3,11,,,
199,sample,sample-00198,https://www.blocket.se/annons/sample-00198,1,Audi,A4,2020,unknown,Automat,Stockholm,Stockholms län,private,,2026-09-16,2026-09-26,2026-09-26,Audi A4 2020 (exempeldata),,,Blå,91167,176000,176000,0,171726,151051,195230,-2.49,-0.25,hedonic-model,high,16,0,10,Kombi,FWD,190,6.4,,1700,3,14,,,
200,sample,sample-00199,https://www.blocket.se/annons/sample-00199,1,Kia,Ceed,2020,unknown,Automat,Norrköping,Östergötlands län,private,,2026-08-12,2026-09-26,2026-09-26,Kia Ceed 2020 (exempeldata),,,Röd,126278,82000,82000,0,85508,76458,95629,4.1,0.48,hedonic-model,high,27,0,45,Halvkombi,FWD,120,5.8,,1500,4,20,,,
