fitted_date_id,level,brand,model,n_listings,value_age3_sek,value_age8_sek,depreciation_pct_per_year,mileage_effect_pct_per_10k_km,residual_sd_pct
20260926,global,,,200,252193,114872,14.41,-2.41,32.3
20260926,brand,Audi,,17,289512,132640,14.56,-2.59,16.3
20260926,brand,BMW,,22,309783,147417,13.98,-3.16,14.9
20260926,brand,Kia,,28,160105,75283,13.44,-2.49,13.9
20260926,brand,Skoda,,20,216585,104615,13.38,-2.4,14.0
20260926,brand,Tesla,,24,344464,148187,15.52,-1.99,13.9
20260926,brand,Toyota,,16,234159,113539,13.06,-2.13,18.5
20260926,brand,Volkswagen,,37,221518,101589,13.93,-1.35,13.5
20260926,brand,Volvo,,36,269998,132749,13.21,-2.27,14.6
20260926,model,Audi,A4,17,292345,135391,14.43,-2.8,10.5
20260926,model,BMW,3-serie,22,310600,151254,13.57,-3.34,9.6
20260926,model,Kia,Ceed,28,151744,71867,13.34,-2.34,9.1
20260926,model,Skoda,Octavia,20,207463,102843,12.95,-2.51,7.2
20260926,model,Tesla,Model 3,24,352490,152563,15.38,-1.85,8.3
20260926,model,Toyota,Corolla,16,225772,114677,12.03,-1.95,13.8
20260926,model,Volkswagen,Golf,19,197703,92518,13.46,-1.49,10.9
20260926,model,Volkswagen,Passat,18,238504,110122,13.89,-1.5,9.4
20260926,model,Volvo,V60,19,278659,137442,13.18,-2.34,10.0
20260926,model,Volvo,XC60,17,256072,130650,12.58,-2.43,13.2
